branch,ncust,customer,age,ed,employ,address,income,debtinc,creddebt,othdebt,default
3,"3,017","10,012",28,2,7,2,44.00,17.70,2.99,4.80,0
3,"3,017","10,017",64,5,34,17,116.00,14.70,5.05,12.00,0
3,"3,017","10,030",40,1,20,12,61.00,4.80,1.04,1.89,0
3,"3,017","10,039",30,1,11,3,27.00,34.50,1.75,7.56,0
3,"3,017","10,069",25,1,2,2,30.00,22.40,0.76,5.96,1
3,"3,017","10,071",35,1,2,9,38.00,10.90,1.46,2.68,1
3,"3,017","10,096",26,3,2,4,38.00,11.90,0.95,3.57,1
3,"3,017","10,128",25,1,4,2,30.00,14.40,1.05,3.27,0
3,"3,017","10,129",65,4,29,14,189.00,5.00,3.36,6.09,0
3,"3,017","10,140",21,3,0,0,23.00,3.90,0.31,0.59,0
3,"3,017","10,142",62,1,33,13,96.00,17.50,6.69,10.11,0
3,"3,017","10,169",30,4,4,3,39.00,10.60,2.39,1.74,1
3,"3,017","10,197",38,5,7,7,124.00,19.10,9.52,14.16,0
3,"3,017","10,200",18,2,0,0,35.00,3.90,0.17,1.19,0
3,"3,017","10,218",53,1,9,13,41.00,13.30,2.33,3.12,0
3,"3,017","10,234",18,2,0,0,15.00,7.40,0.83,0.28,1
3,"3,017","10,351",18,2,0,0,56.00,15.70,1.84,6.95,1
3,"3,017","10,423",19,1,2,0,31.00,0.30,0.02,0.07,1
3,"3,017","10,428",19,2,0,0,26.00,5.80,0.59,0.92,1
3,"3,017","10,449",56,2,27,21,125.00,8.50,2.90,7.72,0
3,"3,017","10,455",21,2,1,1,40.00,7.60,1.52,1.52,1
3,"3,017","10,474",25,1,8,3,37.00,8.30,0.95,2.12,0
3,"3,017","10,525",47,3,8,10,43.00,6.10,0.36,2.26,0
3,"3,017","10,564",40,4,17,11,103.00,13.30,10.41,3.29,1
3,"3,017","10,567",41,2,16,11,56.00,3.40,0.90,1.01,0
3,"3,017","10,746",23,4,0,2,118.00,6.40,0.29,7.26,0
3,"3,017","10,775",45,5,1,4,58.00,15.40,2.37,6.57,1
3,"3,017","10,776",37,3,15,10,65.00,5.00,1.30,1.95,0
3,"3,017","10,797",47,2,23,14,46.00,11.70,0.84,4.54,0
3,"3,017","10,798",23,4,0,2,42.00,6.70,1.58,1.23,0
3,"3,017","10,800",18,2,0,0,19.00,5.20,0.32,0.67,1
3,"3,017","10,802",19,2,0,0,21.00,2.00,0.28,0.14,1
3,"3,017","10,805",41,1,3,12,23.00,10.60,0.15,2.29,1
3,"3,017","10,824",42,2,3,12,76.00,5.20,0.72,3.23,1
3,"3,017","10,839",29,4,2,3,45.00,3.00,0.67,0.68,0
3,"3,017","10,870",24,4,0,2,41.00,8.40,0.79,2.66,0
3,"3,017","10,884",45,5,9,11,48.00,10.20,3.53,1.37,0
3,"3,017","10,887",39,4,8,9,259.00,7.20,1.55,17.10,0
3,"3,017","10,893",40,2,15,6,46.00,10.60,0.82,4.06,0
3,"3,017","10,927",21,3,0,0,17.00,17.60,1.37,1.62,1
3,"3,017","10,935",55,3,34,16,150.00,9.90,0.73,14.12,0
3,"3,017","11,045",29,2,6,4,35.00,3.30,0.20,0.96,1
3,"3,017","11,057",22,3,0,0,24.00,5.20,0.28,0.97,1
3,"3,017","11,080",58,4,24,18,70.00,6.80,2.30,2.46,0
3,"3,017","11,199",53,2,14,19,67.00,6.10,1.06,3.02,0
3,"3,017","11,267",31,3,5,7,25.00,6.80,0.43,1.27,0
3,"3,017","11,288",26,1,4,2,23.00,6.90,0.17,1.42,0
3,"3,017","11,307",23,4,0,0,28.00,19.20,1.72,3.66,1
3,"3,017","11,329",25,2,1,3,19.00,28.60,2.34,3.10,1
3,"3,017","11,337",52,3,23,10,153.00,4.50,2.12,4.76,0
3,"3,017","11,344",25,3,0,1,35.00,9.70,0.13,3.26,1
3,"3,017","11,363",22,4,0,1,31.00,22.80,1.31,5.75,1
3,"3,017","11,423",38,3,8,8,35.00,26.40,3.78,5.46,0
3,"3,017","11,461",42,2,16,11,49.00,9.70,0.56,4.20,0
3,"3,017","11,466",52,1,5,18,36.00,9.80,1.40,2.13,0
3,"3,017","11,472",30,1,2,3,18.00,3.00,0.07,0.47,1
3,"3,017","11,475",59,4,20,16,144.00,3.40,2.49,2.40,0
3,"3,017","11,512",34,3,5,5,44.00,5.60,0.74,1.72,0
3,"3,017","11,557",33,1,11,6,52.00,9.10,0.95,3.79,1
3,"3,017","11,569",26,3,2,3,21.00,8.20,0.54,1.18,0
3,"3,017","11,628",25,3,2,1,26.00,11.90,1.24,1.86,1
3,"3,017","11,652",19,2,0,0,43.00,21.20,3.43,5.69,1
3,"3,017","11,661",41,5,7,12,47.00,5.20,1.64,0.81,0
3,"3,017","11,690",36,2,2,9,27.00,9.30,0.74,1.78,1
3,"3,017","11,703",20,2,0,0,21.00,10.20,0.55,1.59,0
3,"3,017","11,712",35,2,6,5,26.00,2.50,0.45,0.20,0
3,"3,017","11,755",33,4,3,4,34.00,1.20,0.23,0.18,0
3,"3,017","11,783",38,4,0,12,37.00,2.00,0.10,0.64,0
3,"3,017","11,809",40,2,6,6,36.00,6.60,1.58,0.80,1
3,"3,017","11,852",39,2,7,6,82.00,17.40,3.71,10.56,0
3,"3,017","11,859",18,2,0,0,12.00,8.20,0.15,0.83,1
3,"3,017","11,860",66,1,40,17,149.00,13.10,7.79,11.73,0
3,"3,017","11,897",43,2,6,6,40.00,6.60,0.50,2.14,0
3,"3,017","11,916",39,4,14,8,46.00,6.50,0.50,2.49,0
3,"3,017","11,941",27,3,5,4,27.00,10.50,0.99,1.84,0
3,"3,017","11,964",47,3,17,13,111.00,8.80,5.73,4.03,0
3,"3,017","11,973",25,1,9,3,25.00,23.50,0.34,5.53,1
3,"3,017","11,995",57,3,7,14,43.00,20.80,2.50,6.45,1
3,"3,017","12,099",69,1,6,24,60.00,18.60,1.27,9.89,0
3,"3,017","12,104",20,3,0,0,22.00,4.20,0.54,0.39,1
3,"3,017","12,110",42,1,15,7,60.00,6.10,2.01,1.65,0
3,"3,017","12,133",33,2,12,5,70.00,5.70,0.83,3.16,0
3,"3,017","12,149",41,2,10,7,29.00,4.20,0.47,0.74,0
3,"3,017","12,157",35,3,0,7,36.00,4.70,0.55,1.15,0
3,"3,017","12,239",46,3,20,16,122.00,6.70,2.89,5.28,0
3,"3,017","12,382",24,4,0,1,27.00,4.20,0.44,0.69,0
3,"3,017","12,439",34,3,7,8,43.00,30.30,3.92,9.11,1
3,"3,017","12,540",36,2,7,4,41.00,18.90,3.18,4.57,0
3,"3,017","12,596",19,1,0,0,18.00,15.10,0.79,1.92,1
3,"3,017","12,638",29,5,1,4,51.00,1.30,0.28,0.38,0
3,"3,017","12,687",44,2,7,9,59.00,8.40,1.77,3.19,0
3,"3,017","12,710",19,2,0,0,28.00,11.70,0.82,2.45,0
3,"3,017","12,729",39,1,2,9,29.00,3.70,0.48,0.60,0
3,"3,017","12,759",30,4,5,5,222.00,2.90,1.97,4.47,0
3,"3,017","12,779",72,2,44,13,187.00,9.20,4.71,12.49,0
3,"3,017","12,841",18,2,0,0,30.00,7.00,0.81,1.29,1
3,"3,017","12,910",28,3,7,5,30.00,8.50,0.46,2.09,0
3,"3,017","12,946",24,1,5,2,27.00,10.00,1.29,1.41,0
3,"3,017","13,005",33,2,8,4,45.00,12.10,0.11,5.34,0
3,"3,017","13,013",34,4,11,4,132.00,4.70,1.51,4.69,0
13,"3,080","60,060",46,4,7,16,41.00,2.50,0.35,0.67,0
13,"3,080","60,063",36,2,16,4,96.00,12.20,5.42,6.29,0
13,"3,080","60,070",45,1,13,7,65.00,28.60,10.73,7.86,1
13,"3,080","60,087",59,1,34,26,154.00,8.50,8.33,4.76,0
13,"3,080","60,090",35,2,9,1,80.00,12.90,4.28,6.04,1
13,"3,080","60,112",62,4,31,22,387.00,15.00,5.40,52.65,0
13,"3,080","60,199",29,4,1,4,38.00,4.50,0.82,0.89,1
13,"3,080","60,220",56,3,30,14,167.00,1.40,0.46,1.88,0
13,"3,080","60,229",24,2,4,1,39.00,21.50,3.97,4.42,1
13,"3,080","60,237",32,3,1,6,45.00,13.90,1.51,4.74,1
13,"3,080","60,256",25,2,6,2,29.00,5.90,0.64,1.07,0
13,"3,080","60,309",37,1,9,6,33.00,1.20,0.11,0.28,0
13,"3,080","60,324",27,3,1,2,28.00,23.50,0.82,5.76,0
13,"3,080","60,346",56,2,37,10,160.00,11.40,6.77,11.47,0
13,"3,080","60,410",31,2,11,6,61.00,34.40,9.48,11.50,1
13,"3,080","60,435",59,1,31,15,86.00,6.80,1.61,4.23,0
13,"3,080","60,494",65,3,26,16,186.00,4.20,2.98,4.83,0
13,"3,080","60,497",26,1,0,3,29.00,16.90,3.09,1.81,1
13,"3,080","60,499",27,3,3,4,68.00,24.90,5.23,11.70,1
13,"3,080","60,515",30,1,6,3,22.00,15.50,0.13,3.28,1
13,"3,080","60,625",43,1,22,13,96.00,1.20,0.34,0.81,0
13,"3,080","60,634",30,4,4,5,64.00,14.10,2.83,6.19,0
13,"3,080","60,657",18,2,0,0,19.00,14.00,0.56,2.10,1
13,"3,080","60,686",24,3,1,1,33.00,14.00,0.06,4.56,0
13,"3,080","60,777",31,4,0,6,28.00,4.50,0.07,1.19,0
13,"3,080","60,925",25,1,4,3,31.00,3.10,0.37,0.59,0
13,"3,080","60,937",24,4,0,2,48.00,1.20,0.06,0.51,1
13,"3,080","60,942",26,3,2,3,37.00,3.10,0.35,0.80,0
13,"3,080","60,944",33,2,13,5,54.00,16.20,2.88,5.87,1
13,"3,080","60,947",44,4,18,9,136.00,4.20,1.42,4.30,0
13,"3,080","60,949",18,2,0,0,16.00,6.00,0.40,0.56,0
13,"3,080","60,980",29,3,1,2,34.00,15.50,0.39,4.88,1
13,"3,080","61,081",21,3,0,1,27.00,16.50,1.16,3.30,0
13,"3,080","61,231",41,2,22,13,54.00,4.10,0.82,1.39,0
13,"3,080","61,255",40,4,11,8,238.00,7.90,6.34,12.47,0
13,"3,080","61,272",37,1,5,10,21.00,14.50,0.71,2.33,0
13,"3,080","61,437",24,1,6,3,36.00,13.20,1.92,2.83,0
13,"3,080","61,475",24,4,0,4,18.00,2.90,0.18,0.34,0
13,"3,080","61,481",18,2,0,0,25.00,2.90,0.56,0.16,0
13,"3,080","61,510",30,4,5,6,95.00,7.00,3.46,3.19,0
13,"3,080","61,513",36,1,4,8,45.00,13.20,0.33,5.61,0
13,"3,080","61,536",34,1,14,9,39.00,11.40,2.71,1.73,0
13,"3,080","61,605",63,3,8,25,92.00,5.60,0.89,4.27,0
13,"3,080","61,632",56,5,16,19,232.00,2.80,2.10,4.39,0
13,"3,080","61,637",41,2,9,8,68.00,28.30,4.52,14.72,1
13,"3,080","61,638",23,4,0,1,53.00,3.00,0.63,0.96,1
13,"3,080","61,685",25,5,0,3,32.00,14.60,1.45,3.22,1
13,"3,080","61,722",22,1,1,1,22.00,3.20,0.16,0.55,0
13,"3,080","61,760",58,2,19,9,114.00,6.40,0.28,7.02,0
13,"3,080","61,791",31,3,7,5,53.00,2.70,0.73,0.70,0
13,"3,080","61,800",47,2,6,10,40.00,8.70,1.31,2.17,1
13,"3,080","61,802",55,2,13,11,63.00,17.50,2.56,8.47,0
13,"3,080","61,844",39,2,9,5,60.00,9.20,2.08,3.44,0
13,"3,080","61,875",27,5,0,4,30.00,4.30,0.42,0.87,0
13,"3,080","61,881",30,3,7,4,60.00,21.60,5.57,7.39,1
13,"3,080","61,920",35,2,6,5,32.00,7.60,0.82,1.61,0
13,"3,080","61,946",30,4,4,7,30.00,9.20,0.89,1.87,0
13,"3,080","61,952",19,2,0,0,23.00,8.80,1.11,0.92,0
13,"3,080","61,972",38,4,14,4,98.00,16.50,1.34,14.83,0
13,"3,080","61,980",20,2,1,0,19.00,8.00,0.78,0.74,0
13,"3,080","62,038",43,2,14,8,61.00,10.80,2.17,4.41,0
13,"3,080","62,060",25,2,2,3,25.00,9.90,1.40,1.08,0
13,"3,080","62,074",41,1,11,5,36.00,10.20,1.37,2.31,1
13,"3,080","62,109",37,3,3,4,36.00,6.70,0.68,1.73,0
13,"3,080","62,155",22,1,0,2,17.00,3.70,0.14,0.49,1
13,"3,080","62,168",23,2,0,3,27.00,17.60,2.13,2.62,1
13,"3,080","62,184",45,4,1,8,60.00,9.90,1.14,4.80,1
13,"3,080","62,219",19,1,1,0,20.00,8.80,0.55,1.21,0
13,"3,080","62,223",26,2,6,3,23.00,13.60,0.13,3.00,0
13,"3,080","62,229",25,4,0,2,21.00,22.30,1.68,3.01,1
13,"3,080","62,238",49,4,1,8,51.00,11.20,1.86,3.85,0
13,"3,080","62,301",76,1,15,20,26.00,5.60,0.14,1.32,0
13,"3,080","62,380",28,3,1,3,16.00,5.20,0.50,0.33,0
13,"3,080","62,399",37,1,18,8,36.00,4.80,0.44,1.29,0
13,"3,080","62,406",41,1,9,8,29.00,5.60,0.25,1.38,0
13,"3,080","62,428",30,2,8,4,68.00,2.40,0.27,1.36,0
13,"3,080","62,534",39,3,4,9,78.00,14.00,7.21,3.71,1
13,"3,080","62,545",25,3,2,2,19.00,3.40,0.19,0.46,0
13,"3,080","62,573",26,5,0,4,19.00,7.70,0.67,0.79,0
13,"3,080","62,602",24,1,8,2,28.00,6.60,0.26,1.59,0
13,"3,080","62,610",61,1,0,10,42.00,18.40,4.01,3.72,0
13,"3,080","62,637",26,2,6,2,38.00,10.60,2.57,1.46,0
13,"3,080","62,645",18,2,0,0,44.00,9.20,1.25,2.80,0
13,"3,080","62,691",41,2,21,8,189.00,6.30,6.22,5.69,0
13,"3,080","62,693",49,3,9,16,64.00,6.10,0.33,3.57,0
13,"3,080","62,744",18,1,0,0,20.00,3.90,0.37,0.41,0
13,"3,080","62,750",18,2,0,0,24.00,6.50,0.30,1.26,0
13,"3,080","62,792",52,4,2,12,96.00,7.10,2.28,4.54,1
13,"3,080","62,812",32,2,2,6,30.00,9.40,1.18,1.64,0
13,"3,080","62,835",27,2,6,5,42.00,9.10,2.19,1.64,1
13,"3,080","62,837",23,3,0,2,57.00,17.80,2.73,7.42,1
13,"3,080","62,863",29,4,3,3,46.00,8.10,0.29,3.44,0
13,"3,080","62,867",73,2,53,25,410.00,4.10,3.11,13.70,0
13,"3,080","62,923",31,4,3,5,22.00,4.60,0.23,0.79,0
13,"3,080","62,975",19,2,0,0,28.00,9.10,0.87,1.68,1
13,"3,080","63,023",57,2,4,9,39.00,4.30,0.56,1.12,0
13,"3,080","63,041",18,2,0,0,19.00,1.50,0.06,0.22,0
13,"3,080","63,054",22,1,1,1,19.00,8.90,0.49,1.20,0
13,"3,080","63,055",21,2,0,1,30.00,4.30,0.18,1.11,0
13,"3,080","63,071",33,3,4,4,60.00,9.50,1.61,4.09,0
15,"4,809","70,016",21,3,0,1,41.00,23.40,1.97,7.63,1
15,"4,809","70,065",42,3,18,15,63.00,11.30,2.54,4.58,0
15,"4,809","70,093",32,3,10,5,38.00,11.50,1.05,3.32,0
15,"4,809","70,178",33,4,5,4,105.00,13.40,7.05,7.02,1
15,"4,809","70,186",73,1,50,34,289.00,8.40,7.84,16.43,0
15,"4,809","70,221",61,4,23,20,81.00,8.90,1.70,5.51,0
15,"4,809","70,248",38,5,2,8,229.00,6.70,3.94,11.40,0
15,"4,809","70,269",46,3,13,11,45.00,22.20,3.33,6.66,1
15,"4,809","70,325",20,3,0,0,20.00,7.20,0.34,1.10,1
15,"4,809","70,403",19,2,0,0,24.00,15.60,0.75,3.00,1
15,"4,809","70,412",28,4,0,4,47.00,18.60,6.71,2.04,1
15,"4,809","70,430",24,4,0,2,21.00,6.60,0.58,0.81,1
15,"4,809","70,522",53,1,1,12,30.00,8.80,0.41,2.23,0
15,"4,809","70,525",35,2,14,7,62.00,8.20,0.60,4.48,0
15,"4,809","70,548",43,2,7,11,53.00,3.70,0.85,1.11,0
15,"4,809","70,553",32,1,9,6,33.00,8.10,1.15,1.52,0
15,"4,809","70,558",27,1,9,1,28.00,5.70,0.11,1.49,0
15,"4,809","70,567",18,2,0,0,22.00,1.50,0.13,0.20,0
15,"4,809","70,673",19,2,0,0,31.00,28.70,5.36,3.53,1
15,"4,809","70,687",18,2,0,0,36.00,6.20,1.05,1.18,1
15,"4,809","70,710",54,2,20,15,82.00,20.00,4.35,12.05,0
15,"4,809","70,770",43,3,0,4,31.00,2.40,0.28,0.46,0
15,"4,809","70,849",50,2,15,14,65.00,12.60,3.05,5.14,0
15,"4,809","70,886",26,1,10,3,31.00,8.80,0.78,1.95,0
15,"4,809","70,888",35,2,4,2,57.00,6.00,1.29,2.13,0
15,"4,809","70,907",47,2,6,12,34.00,4.40,0.53,0.97,0
15,"4,809","70,938",31,5,2,5,19.00,15.90,0.94,2.08,0
15,"4,809","71,122",40,3,7,11,53.00,12.40,1.48,5.09,0
15,"4,809","71,175",56,4,14,25,206.00,27.90,15.29,42.19,1
15,"4,809","71,264",34,4,3,8,72.00,7.60,0.38,5.09,0
15,"4,809","71,270",18,2,0,0,18.00,12.70,0.65,1.64,1
15,"4,809","71,417",46,2,24,10,78.00,6.90,2.74,2.64,0
15,"4,809","71,424",31,2,2,6,45.00,3.10,0.43,0.96,0
15,"4,809","71,431",25,2,1,1,16.00,2.10,0.15,0.19,0
15,"4,809","71,439",79,1,63,18,497.00,8.20,15.08,25.68,0
15,"4,809","71,522",43,3,21,14,125.00,11.50,6.33,8.05,0
15,"4,809","71,585",26,1,9,3,41.00,22.10,0.62,8.44,0
15,"4,809","71,630",26,3,1,4,36.00,12.50,1.59,2.91,0
15,"4,809","71,699",18,1,0,0,28.00,17.00,1.75,3.01,1
15,"4,809","71,730",30,2,0,4,25.00,7.40,0.26,1.59,0
15,"4,809","71,732",47,3,3,8,69.00,5.20,0.90,2.69,0
15,"4,809","71,758",18,2,0,0,35.00,12.40,1.13,3.21,0
15,"4,809","71,761",30,1,13,3,38.00,4.60,0.34,1.41,0
15,"4,809","71,782",21,3,0,1,25.00,6.70,1.29,0.38,1
15,"4,809","71,784",33,4,4,9,119.00,15.30,6.57,11.63,1
15,"4,809","71,812",36,2,3,6,28.00,4.90,0.26,1.12,0
15,"4,809","71,817",26,2,7,3,49.00,17.70,5.38,3.30,1
15,"4,809","71,896",20,3,0,0,21.00,1.30,0.18,0.09,1
15,"4,809","72,021",56,2,19,8,76.00,1.20,0.18,0.73,0
15,"4,809","72,023",42,4,7,12,130.00,11.60,3.33,11.75,1
15,"4,809","72,147",23,4,0,3,47.00,8.90,0.62,3.56,0
15,"4,809","72,213",32,3,3,8,86.00,7.90,2.20,4.59,0
15,"4,809","72,221",20,3,0,0,30.00,10.60,2.53,0.65,1
15,"4,809","72,302",19,2,0,0,21.00,12.00,0.35,2.17,0
15,"4,809","72,307",26,2,1,0,26.00,11.10,1.69,1.19,1
15,"4,809","72,327",19,2,0,0,20.00,0.10,0.01,0.01,1
15,"4,809","72,385",59,3,31,21,102.00,0.30,0.10,0.20,0
15,"4,809","72,447",21,3,0,1,13.00,8.30,0.45,0.63,1
15,"4,809","72,506",39,4,14,6,152.00,27.40,13.41,28.24,1
15,"4,809","72,584",18,2,0,0,12.00,3.30,0.11,0.29,1
15,"4,809","72,633",20,2,0,0,38.00,7.50,0.36,2.49,0
15,"4,809","72,635",33,4,1,6,23.00,4.20,0.19,0.77,1
15,"4,809","72,704",19,1,1,0,16.00,3.40,0.31,0.24,1
15,"4,809","72,756",29,3,5,5,52.00,16.80,5.63,3.10,0
15,"4,809","72,803",70,3,48,25,165.00,14.80,0.56,23.86,0
15,"4,809","72,806",44,1,22,8,93.00,9.00,4.38,3.99,0
15,"4,809","72,846",40,2,20,10,117.00,11.90,4.94,8.98,0
15,"4,809","72,860",21,2,1,1,23.00,7.40,0.26,1.44,1
15,"4,809","72,954",43,2,8,11,48.00,9.70,1.32,3.34,0
15,"4,809","73,016",27,2,3,4,28.00,4.20,0.54,0.64,0
15,"4,809","73,083",21,3,0,1,21.00,10.40,1.54,0.65,0
15,"4,809","73,188",29,2,3,5,45.00,14.10,1.68,4.66,1
15,"4,809","73,525",41,2,2,10,40.00,7.90,0.31,2.85,0
15,"4,809","73,537",28,4,5,3,30.00,7.00,0.46,1.64,0
15,"4,809","73,591",48,2,5,10,43.00,6.90,2.26,0.70,1
15,"4,809","73,650",25,5,0,3,66.00,2.80,0.90,0.94,0
15,"4,809","73,703",41,2,3,7,62.00,7.00,2.89,1.45,1
15,"4,809","73,741",22,2,1,2,24.00,16.10,0.80,3.07,0
15,"4,809","73,764",47,3,8,11,43.00,11.80,2.27,2.80,0
15,"4,809","73,864",18,2,0,0,24.00,5.30,0.59,0.68,0
15,"4,809","73,907",28,5,0,4,50.00,8.60,0.28,4.02,0
15,"4,809","73,999",41,2,5,8,37.00,5.80,0.35,1.80,0
15,"4,809","74,006",31,2,2,7,42.00,10.30,0.86,3.47,1
15,"4,809","74,096",19,2,0,0,21.00,14.30,1.22,1.78,0
15,"4,809","74,136",31,3,1,7,28.00,2.00,0.17,0.39,0
15,"4,809","74,169",18,2,0,0,21.00,21.80,1.44,3.14,1
15,"4,809","74,209",39,2,5,5,39.00,4.20,0.72,0.92,0
15,"4,809","74,221",20,2,0,0,17.00,7.30,0.57,0.67,1
15,"4,809","74,272",31,4,8,4,29.00,6.80,1.12,0.85,0
15,"4,809","74,287",23,1,3,1,41.00,5.50,0.67,1.58,0
15,"4,809","74,372",25,3,3,3,58.00,20.60,3.50,8.45,0
15,"4,809","74,378",29,4,3,1,47.00,2.90,0.53,0.83,0
15,"4,809","74,394",38,3,15,4,136.00,20.20,6.76,20.71,1
15,"4,809","74,471",39,1,8,9,41.00,0.10,0.03,0.01,0
15,"4,809","74,498",28,4,4,4,20.00,15.50,0.30,2.80,1
15,"4,809","74,528",40,3,10,12,38.00,6.10,0.92,1.40,0
15,"4,809","74,547",46,3,2,13,56.00,2.30,0.41,0.87,0
15,"4,809","74,589",61,1,45,22,209.00,10.90,4.12,18.66,0
15,"4,809","74,658",49,4,18,13,182.00,4.80,0.94,7.79,0
15,"4,809","74,677",71,2,35,19,131.00,11.60,6.03,9.16,0
20,"4,650","95,009",20,1,2,0,20.00,2.70,0.20,0.34,1
20,"4,650","95,034",20,3,0,0,20.00,11.30,1.96,0.30,1
20,"4,650","95,050",18,2,0,0,29.00,5.60,0.90,0.73,0
20,"4,650","95,066",32,5,3,6,59.00,9.00,1.85,3.46,0
20,"4,650","95,138",42,3,2,13,22.00,13.60,1.46,1.53,1
20,"4,650","95,177",43,3,9,9,57.00,4.50,1.81,0.76,0
20,"4,650","95,185",27,1,7,5,43.00,10.00,1.20,3.10,0
20,"4,650","95,204",23,2,3,2,66.00,2.70,0.79,0.99,0
20,"4,650","95,209",21,2,1,0,33.00,13.10,1.31,3.01,1
20,"4,650","95,220",49,3,24,11,90.00,13.90,8.06,4.45,0
20,"4,650","95,299",49,2,28,11,93.00,12.80,1.56,10.34,0
20,"4,650","95,372",19,2,0,0,28.00,9.70,1.35,1.37,1
20,"4,650","95,384",24,4,0,2,21.00,11.00,0.72,1.59,1
20,"4,650","95,388",23,4,0,1,30.00,12.80,2.30,1.54,1
20,"4,650","95,450",43,3,13,9,82.00,9.90,1.78,6.34,0
20,"4,650","95,481",28,2,8,3,22.00,5.40,0.17,1.02,0
20,"4,650","95,530",26,4,2,3,36.00,14.40,1.89,3.29,1
20,"4,650","95,541",40,4,7,11,33.00,12.40,0.65,3.45,0
20,"4,650","95,582",47,1,22,17,108.00,8.90,1.37,8.24,0
20,"4,650","95,633",19,2,0,0,22.00,16.80,1.64,2.06,1
20,"4,650","95,641",71,1,18,27,57.00,11.50,2.58,3.97,0
20,"4,650","95,723",72,4,26,24,146.00,12.60,2.12,16.28,0
20,"4,650","95,739",45,2,1,10,43.00,2.80,0.38,0.82,0
20,"4,650","95,833",20,3,0,0,29.00,17.00,1.93,3.00,1
20,"4,650","95,858",42,2,7,8,47.00,7.80,1.02,2.65,0
20,"4,650","95,859",33,4,1,3,40.00,13.30,0.87,4.45,0
20,"4,650","95,998",42,2,19,8,63.00,20.40,5.31,7.54,0
20,"4,650","96,001",20,3,0,0,28.00,10.40,0.93,1.98,1
20,"4,650","96,007",20,3,0,1,19.00,4.50,0.35,0.51,0
20,"4,650","96,037",20,3,0,0,20.00,13.50,0.59,2.11,0
20,"4,650","96,088",34,3,11,5,68.00,11.90,3.37,4.73,0
20,"4,650","96,098",39,1,12,11,47.00,9.50,1.03,3.43,0
20,"4,650","96,116",42,1,2,10,38.00,3.60,0.39,0.98,1
20,"4,650","96,167",61,1,7,22,35.00,10.40,0.70,2.94,0
20,"4,650","96,197",30,4,2,6,61.00,2.90,0.64,1.13,1
20,"4,650","96,228",39,4,12,9,82.00,6.20,1.79,3.29,0
20,"4,650","96,253",26,3,5,2,25.00,10.80,1.13,1.57,0
20,"4,650","96,263",62,3,12,10,108.00,7.30,1.38,6.50,0
20,"4,650","96,479",48,2,17,8,81.00,30.00,11.64,12.66,1
20,"4,650","96,521",39,3,17,9,165.00,3.30,2.55,2.89,0
20,"4,650","96,536",51,1,33,13,234.00,9.60,4.25,18.22,0
20,"4,650","96,611",31,3,4,6,43.00,6.90,0.66,2.31,0
20,"4,650","96,627",45,3,19,7,286.00,5.00,4.53,9.77,0
20,"4,650","96,714",44,4,0,9,167.00,10.60,7.79,9.91,1
20,"4,650","96,732",28,2,9,3,36.00,3.20,0.09,1.06,0
20,"4,650","96,945",36,3,8,4,41.00,11.10,1.57,2.98,1
20,"4,650","96,961",38,5,4,5,66.00,10.70,2.40,4.66,1
20,"4,650","97,000",61,2,22,6,108.00,22.20,6.04,17.93,0
20,"4,650","97,003",66,3,6,20,61.00,7.70,1.20,3.49,1
20,"4,650","97,045",24,2,5,3,31.00,10.40,0.70,2.52,0
20,"4,650","97,048",45,1,12,10,44.00,9.80,1.60,2.72,0
20,"4,650","97,147",47,5,8,13,33.00,15.40,1.71,3.37,0
20,"4,650","97,173",19,2,0,0,25.00,3.90,0.68,0.29,1
20,"4,650","97,191",28,2,2,5,26.00,23.60,0.74,5.40,1
20,"4,650","97,247",40,4,3,10,35.00,10.00,1.09,2.42,1
20,"4,650","97,289",25,4,1,1,27.00,14.20,0.46,3.38,0
20,"4,650","97,350",64,1,26,26,56.00,20.30,2.01,9.36,0
20,"4,650","97,355",40,3,15,4,78.00,15.50,3.52,8.57,0
20,"4,650","97,357",37,5,1,10,90.00,1.80,0.25,1.37,0
20,"4,650","97,402",56,2,35,14,236.00,3.90,6.68,2.52,0
20,"4,650","97,548",33,3,8,4,102.00,28.80,7.93,21.44,1
20,"4,650","97,595",66,3,30,22,104.00,6.70,2.29,4.68,0
20,"4,650","97,629",18,2,0,0,28.00,9.90,1.05,1.72,0
20,"4,650","97,815",52,3,28,23,108.00,3.90,2.21,2.00,0
20,"4,650","97,845",46,1,2,10,38.00,8.20,0.50,2.62,1
20,"4,650","97,911",51,2,3,14,19.00,4.90,0.34,0.59,0
20,"4,650","97,992",34,2,6,4,45.00,9.10,1.31,2.78,0
20,"4,650","98,023",19,2,0,0,18.00,6.30,0.26,0.87,0
20,"4,650","98,041",52,1,33,12,80.00,9.00,1.06,6.14,0
20,"4,650","98,114",24,1,2,2,29.00,23.60,0.47,6.38,0
20,"4,650","98,144",35,4,5,4,47.00,16.10,3.18,4.39,1
20,"4,650","98,195",29,4,1,4,50.00,15.10,2.67,4.88,1
20,"4,650","98,277",47,2,10,10,48.00,7.00,1.98,1.38,0
20,"4,650","98,410",26,3,4,4,50.00,0.80,0.13,0.27,0
20,"4,650","98,611",27,4,2,3,34.00,11.40,2.16,1.72,0
20,"4,650","98,648",19,2,0,0,36.00,6.70,0.89,1.52,0
20,"4,650","98,678",51,2,28,20,134.00,4.10,1.75,3.74,0
20,"4,650","98,849",46,1,13,12,94.00,15.70,8.31,6.45,1
20,"4,650","98,854",23,3,1,1,30.00,13.60,2.04,2.04,1
20,"4,650","98,855",19,2,0,0,20.00,5.60,0.16,0.96,1
20,"4,650","98,961",23,2,3,1,27.00,17.80,0.93,3.88,1
20,"4,650","98,972",30,4,1,6,16.00,8.50,1.08,0.28,1
20,"4,650","98,987",21,3,0,0,35.00,6.80,0.91,1.47,1
20,"4,650","99,058",20,3,0,0,35.00,5.80,0.76,1.27,0
20,"4,650","99,139",23,4,0,2,36.00,1.10,0.10,0.29,0
20,"4,650","99,161",46,3,2,14,27.00,12.10,0.55,2.72,0
20,"4,650","99,306",43,2,20,8,180.00,7.30,4.20,8.94,0
20,"4,650","99,337",27,2,5,3,28.00,5.20,0.50,0.96,0
20,"4,650","99,363",45,1,3,13,38.00,22.10,2.59,5.80,1
20,"4,650","99,378",22,3,1,2,27.00,9.80,0.25,2.40,0
20,"4,650","99,388",41,2,13,7,50.00,14.20,3.72,3.38,1
20,"4,650","99,395",52,1,8,6,43.00,17.50,3.44,4.09,0
20,"4,650","99,428",53,2,34,18,251.00,15.90,12.37,27.54,0
20,"4,650","99,436",20,3,0,0,45.00,7.70,1.14,2.32,1
20,"4,650","99,449",30,5,2,8,99.00,1.50,0.80,0.69,0
20,"4,650","99,476",68,2,0,17,22.00,12.50,1.05,1.70,0
20,"4,650","99,524",31,4,0,7,41.00,3.80,1.11,0.44,0
20,"4,650","99,592",54,2,2,21,32.00,6.70,0.17,1.97,0
20,"4,650","99,593",26,3,2,3,38.00,7.60,1.39,1.49,1
20,"4,650","99,634",32,2,12,6,61.00,8.20,0.30,4.71,0
25,"3,491","120,070",27,2,4,2,34.00,15.10,0.84,4.30,0
25,"3,491","120,073",60,3,22,10,60.00,22.30,3.25,10.13,0
25,"3,491","120,117",47,2,13,19,58.00,3.50,0.62,1.41,0
25,"3,491","120,155",47,2,6,11,75.00,15.20,2.93,8.47,0
25,"3,491","120,174",69,4,7,20,75.00,13.50,1.03,9.09,1
25,"3,491","120,175",45,2,7,8,32.00,5.40,0.13,1.60,0
25,"3,491","120,194",29,3,2,5,31.00,6.80,1.41,0.70,0
25,"3,491","120,199",29,3,4,5,67.00,7.90,0.93,4.36,0
25,"3,491","120,278",27,1,5,2,33.00,5.10,0.58,1.10,0
25,"3,491","120,285",44,1,9,3,37.00,18.40,2.92,3.89,0
25,"3,491","120,304",21,3,0,1,55.00,17.10,6.90,2.50,1
25,"3,491","120,306",26,3,4,4,28.00,15.00,2.38,1.82,0
25,"3,491","120,397",56,3,26,13,384.00,11.20,23.31,19.70,1
25,"3,491","120,428",38,4,4,8,91.00,3.90,1.02,2.53,1
25,"3,491","120,482",42,4,17,8,54.00,10.30,0.29,5.27,0
25,"3,491","120,611",43,3,13,11,59.00,11.00,1.72,4.77,1
25,"3,491","120,614",37,2,17,6,123.00,10.60,3.89,9.15,0
25,"3,491","120,633",64,3,15,22,227.00,29.90,35.97,31.90,1
25,"3,491","120,651",39,2,0,10,38.00,7.50,0.20,2.65,0
25,"3,491","120,658",21,2,1,0,20.00,20.30,0.41,3.65,0
25,"3,491","120,708",30,4,5,3,62.00,2.60,0.70,0.91,0
25,"3,491","120,724",52,2,9,12,72.00,15.40,4.08,7.01,0
25,"3,491","120,769",40,4,5,9,62.00,8.00,1.49,3.47,1
25,"3,491","120,806",23,2,3,2,25.00,2.50,0.17,0.45,0
25,"3,491","120,822",40,2,2,7,32.00,3.40,0.18,0.91,0
25,"3,491","120,942",19,2,0,0,37.00,3.00,0.21,0.90,0
25,"3,491","120,999",22,4,0,0,36.00,3.30,0.28,0.91,0
25,"3,491","121,027",50,1,20,11,67.00,18.40,7.24,5.09,1
25,"3,491","121,055",36,5,7,12,67.00,8.20,3.10,2.40,0
25,"3,491","121,097",47,3,14,16,36.00,0.90,0.08,0.24,0
25,"3,491","121,113",19,2,0,0,50.00,1.80,0.49,0.41,0
25,"3,491","121,151",32,3,10,7,70.00,3.20,0.85,1.39,1
25,"3,491","121,201",20,3,0,0,32.00,8.50,1.11,1.61,0
25,"3,491","121,202",20,2,0,0,26.00,4.00,0.39,0.65,1
25,"3,491","121,206",22,4,0,2,31.00,7.60,0.20,2.16,0
25,"3,491","121,261",23,4,0,2,45.00,10.70,0.61,4.20,1
25,"3,491","121,266",62,2,4,5,38.00,11.30,0.94,3.35,0
25,"3,491","121,285",29,2,9,3,69.00,6.70,1.07,3.55,0
25,"3,491","121,287",34,1,6,6,33.00,6.40,0.53,1.59,0
25,"3,491","121,349",18,2,0,0,25.00,6.20,0.62,0.93,1
25,"3,491","121,353",23,3,2,2,47.00,14.60,2.94,3.93,1
25,"3,491","121,366",35,1,5,8,62.00,8.50,1.99,3.28,1
25,"3,491","121,378",30,3,5,3,27.00,6.20,0.86,0.81,0
25,"3,491","121,380",36,3,7,10,118.00,11.20,8.48,4.73,1
25,"3,491","121,382",18,2,0,0,28.00,2.40,0.22,0.45,1
25,"3,491","121,498",26,2,2,4,30.00,40.70,5.49,6.72,1
25,"3,491","121,541",18,2,0,0,33.00,8.20,0.84,1.87,1
25,"3,491","121,565",31,2,11,8,47.00,26.90,3.51,9.13,0
25,"3,491","121,595",33,3,3,2,46.00,3.80,0.41,1.34,0
25,"3,491","121,735",20,1,2,0,20.00,18.80,1.19,2.57,1
25,"3,491","121,758",22,4,0,1,36.00,10.70,1.67,2.18,1
25,"3,491","121,775",22,2,3,1,45.00,11.10,1.85,3.15,0
25,"3,491","121,777",22,1,4,1,24.00,4.40,0.53,0.52,0
25,"3,491","121,795",26,4,0,2,103.00,14.30,8.54,6.19,1
25,"3,491","121,826",34,1,10,7,96.00,5.40,1.65,3.53,0
25,"3,491","121,865",30,1,13,2,42.00,15.30,0.94,5.48,0
25,"3,491","121,921",40,3,15,5,53.00,23.50,1.91,10.55,1
25,"3,491","121,925",21,2,1,0,43.00,14.10,3.38,2.69,1
25,"3,491","121,968",20,2,0,0,28.00,18.00,3.07,1.97,1
25,"3,491","121,979",18,2,0,0,20.00,14.50,0.33,2.57,0
25,"3,491","122,000",53,2,24,8,129.00,2.70,1.01,2.48,0
25,"3,491","122,036",70,2,27,21,92.00,9.30,3.01,5.54,0
25,"3,491","122,060",26,5,0,3,49.00,4.40,0.95,1.21,0
25,"3,491","122,066",43,2,16,7,119.00,18.10,8.16,13.38,1
25,"3,491","122,084",38,3,3,3,34.00,3.90,0.86,0.46,0
25,"3,491","122,157",31,2,3,6,45.00,0.70,0.13,0.19,0
25,"3,491","122,192",24,4,0,1,35.00,1.20,0.04,0.38,1
25,"3,491","122,205",44,4,21,14,314.00,4.70,3.50,11.26,0
25,"3,491","122,365",62,5,31,14,699.00,5.90,6.60,34.64,0
25,"3,491","122,372",52,3,24,10,403.00,5.10,8.32,12.23,0
25,"3,491","122,460",33,4,3,2,40.00,1.20,0.26,0.22,0
25,"3,491","122,484",26,4,1,3,39.00,2.00,0.33,0.45,0
25,"3,491","122,575",34,2,4,8,46.00,5.50,0.70,1.83,0
25,"3,491","122,602",54,4,0,14,66.00,9.60,1.98,4.35,0
25,"3,491","122,609",61,1,0,24,25.00,33.00,3.42,4.83,1
25,"3,491","122,620",44,5,2,13,91.00,4.80,1.02,3.35,1
25,"3,491","122,653",22,2,0,2,16.00,9.80,0.31,1.26,1
25,"3,491","122,655",19,1,3,0,21.00,7.10,0.48,1.01,0
25,"3,491","122,694",20,2,0,0,26.00,8.90,0.50,1.81,0
25,"3,491","122,889",35,4,10,7,44.00,0.50,0.11,0.11,0
25,"3,491","122,943",24,4,0,2,28.00,4.00,0.70,0.42,0
25,"3,491","122,999",30,5,1,6,33.00,7.40,0.63,1.81,0
25,"3,491","123,027",21,1,1,1,29.00,24.00,2.20,4.76,0
25,"3,491","123,040",45,4,0,14,81.00,4.10,1.51,1.81,0
25,"3,491","123,059",38,5,9,11,66.00,1.20,0.59,0.20,0
25,"3,491","123,079",21,2,1,1,37.00,8.50,0.90,2.25,0
25,"3,491","123,081",45,4,7,13,42.00,36.80,10.19,5.27,1
25,"3,491","123,125",40,1,22,8,141.00,11.00,5.06,10.45,0
25,"3,491","123,128",22,4,0,1,74.00,7.50,1.86,3.69,1
25,"3,491","123,148",56,2,34,21,475.00,2.30,3.88,7.05,0
25,"3,491","123,179",37,2,9,11,41.00,2.90,0.11,1.08,0
25,"3,491","123,217",29,2,3,2,42.00,9.30,1.77,2.14,0
25,"3,491","123,230",37,4,10,6,97.00,8.30,2.01,6.04,0
25,"3,491","123,242",20,1,3,0,21.00,17.90,0.53,3.23,1
25,"3,491","123,373",30,3,6,4,20.00,9.70,0.51,1.43,1
25,"3,491","123,402",26,4,0,3,36.00,17.90,3.02,3.43,1
25,"3,491","123,404",18,2,0,0,47.00,3.60,1.21,0.48,0
25,"3,491","123,432",31,1,5,7,27.00,4.20,0.56,0.57,0
25,"3,491","123,464",44,3,8,8,49.00,16.30,2.46,5.53,1
25,"3,491","123,468",19,2,0,0,24.00,12.50,0.94,2.06,1
49,"4,358","240,017",77,5,2,24,28.00,10.60,1.37,1.60,0
49,"4,358","240,070",37,4,0,9,83.00,14.90,5.90,6.47,1
49,"4,358","240,093",35,4,9,6,123.00,6.10,1.70,5.80,0
49,"4,358","240,152",24,4,0,0,64.00,13.00,3.98,4.34,1
49,"4,358","240,198",31,4,1,4,43.00,7.90,2.49,0.90,0
49,"4,358","240,202",59,4,19,21,174.00,27.90,16.41,32.14,1
49,"4,358","240,252",18,2,0,0,27.00,4.10,0.17,0.94,1
49,"4,358","240,289",29,2,8,5,35.00,21.10,1.65,5.73,1
49,"4,358","240,302",38,4,6,7,25.00,31.30,2.21,5.61,1
49,"4,358","240,360",27,3,3,5,26.00,2.00,0.04,0.48,1
49,"4,358","240,403",49,2,15,11,35.00,3.00,0.74,0.32,0
49,"4,358","240,497",24,3,1,2,23.00,14.80,0.80,2.61,1
49,"4,358","240,505",27,4,3,5,36.00,16.20,1.39,4.44,1
49,"4,358","240,612",26,2,2,4,26.00,14.50,0.56,3.21,0
49,"4,358","240,623",32,4,0,6,37.00,3.10,0.59,0.55,1
49,"4,358","240,675",53,5,16,13,51.00,4.10,0.95,1.14,0
49,"4,358","240,676",19,2,0,0,17.00,14.10,1.04,1.36,1
49,"4,358","240,680",18,2,0,0,19.00,6.40,0.40,0.82,1
49,"4,358","240,694",19,2,1,0,21.00,7.90,1.10,0.55,1
49,"4,358","240,697",51,2,25,16,96.00,21.50,7.31,13.33,0
49,"4,358","240,705",30,5,3,2,40.00,16.90,2.22,4.54,1
49,"4,358","240,722",63,1,22,21,61.00,13.50,1.83,6.41,0
49,"4,358","240,764",30,4,1,4,73.00,29.80,7.05,14.71,1
49,"4,358","240,789",27,4,3,3,43.00,4.50,0.58,1.36,0
49,"4,358","240,792",42,2,15,9,46.00,13.10,1.06,4.97,0
49,"4,358","240,895",24,4,0,3,44.00,13.50,2.38,3.56,1
49,"4,358","241,000",20,2,0,0,23.00,23.60,3.54,1.89,1
49,"4,358","241,089",28,3,4,5,20.00,6.20,0.57,0.67,0
49,"4,358","241,132",25,2,3,2,23.00,5.00,0.28,0.87,0
49,"4,358","241,163",24,4,0,3,49.00,5.00,0.87,1.58,1
49,"4,358","241,191",36,3,9,7,76.00,5.70,0.29,4.04,0
49,"4,358","241,279",44,2,11,12,50.00,22.00,2.11,8.89,0
49,"4,358","241,350",23,3,0,1,45.00,15.80,1.12,5.99,0
49,"4,358","241,424",32,3,1,4,26.00,3.30,0.24,0.62,0
49,"4,358","241,525",32,2,9,7,53.00,14.90,5.81,2.08,1
49,"4,358","241,564",35,4,7,6,76.00,7.00,0.56,4.76,0
49,"4,358","241,582",30,3,3,6,34.00,14.30,2.26,2.61,1
49,"4,358","241,594",30,1,4,3,36.00,9.60,0.83,2.63,1
49,"4,358","241,652",31,2,6,5,26.00,6.50,0.33,1.36,0
49,"4,358","241,732",23,1,0,2,16.00,17.20,0.91,1.84,1
49,"4,358","241,770",46,1,11,8,61.00,10.40,3.44,2.90,0
49,"4,358","241,837",59,1,33,17,308.00,6.70,7.39,13.25,0
49,"4,358","241,859",39,5,1,10,185.00,7.00,10.45,2.50,1
49,"4,358","241,980",29,5,3,3,55.00,27.10,8.35,6.56,1
49,"4,358","242,047",26,4,2,4,19.00,3.80,0.11,0.62,0
49,"4,358","242,106",34,2,6,7,27.00,6.40,0.27,1.46,0
49,"4,358","242,108",30,1,12,5,35.00,5.70,1.34,0.66,0
49,"4,358","242,216",23,4,0,2,29.00,9.40,0.84,1.89,1
49,"4,358","242,303",22,4,0,1,76.00,7.70,3.62,2.24,0
49,"4,358","242,345",27,4,0,4,46.00,1.90,0.23,0.64,1
49,"4,358","242,430",30,3,0,5,70.00,6.90,0.37,4.46,1
49,"4,358","242,433",23,2,0,1,22.00,9.00,0.71,1.27,0
49,"4,358","242,464",42,5,12,13,34.00,6.10,0.56,1.52,0
49,"4,358","242,467",29,4,2,3,55.00,15.60,1.48,7.10,1
49,"4,358","242,512",47,2,16,8,66.00,1.70,0.10,1.02,0
49,"4,358","242,560",34,4,8,7,30.00,5.70,1.08,0.63,0
49,"4,358","242,597",31,2,11,7,51.00,12.40,4.14,2.19,1
49,"4,358","242,601",35,4,10,4,53.00,19.00,3.64,6.43,0
49,"4,358","242,691",19,1,2,0,21.00,12.00,0.15,2.37,0
49,"4,358","242,710",30,1,7,7,40.00,11.40,1.78,2.78,1
49,"4,358","242,840",25,4,0,2,35.00,0.60,0.07,0.14,0
49,"4,358","243,028",38,5,11,8,40.00,8.80,1.65,1.87,0
49,"4,358","243,048",18,2,0,0,34.00,2.80,0.29,0.66,0
49,"4,358","243,058",53,2,10,14,62.00,13.40,2.38,5.93,1
49,"4,358","243,076",31,1,10,5,60.00,27.30,6.27,10.11,1
49,"4,358","243,083",38,4,7,7,274.00,2.30,4.32,1.99,1
49,"4,358","243,086",19,2,0,0,21.00,2.50,0.03,0.49,0
49,"4,358","243,118",20,1,2,0,18.00,2.30,0.06,0.36,0
49,"4,358","243,175",21,2,2,1,22.00,9.20,1.05,0.98,1
49,"4,358","243,209",19,2,0,0,17.00,5.50,0.51,0.43,0
49,"4,358","243,340",23,4,0,1,42.00,12.20,2.24,2.88,0
49,"4,358","243,351",65,2,25,20,48.00,7.70,2.81,0.88,0
49,"4,358","243,457",45,5,18,12,88.00,9.60,4.04,4.41,0
49,"4,358","243,535",21,3,0,1,22.00,1.50,0.10,0.23,0
49,"4,358","243,547",54,3,8,10,67.00,10.50,1.25,5.79,0
49,"4,358","243,554",22,4,0,2,24.00,8.00,0.64,1.28,1
49,"4,358","243,564",20,3,0,0,23.00,14.20,1.86,1.40,1
49,"4,358","243,569",41,2,12,9,58.00,13.10,3.78,3.81,0
49,"4,358","243,578",36,2,14,3,71.00,6.90,1.43,3.47,0
49,"4,358","243,624",33,3,11,8,79.00,10.80,3.08,5.45,0
49,"4,358","243,673",23,2,2,2,34.00,3.30,0.22,0.90,0
49,"4,358","243,859",46,3,8,6,119.00,5.60,1.11,5.55,1
49,"4,358","243,929",21,3,0,0,15.00,6.10,0.07,0.84,1
49,"4,358","243,957",28,4,2,4,62.00,34.80,3.86,17.71,1
49,"4,358","243,958",39,3,9,8,69.00,6.00,0.55,3.59,0
49,"4,358","243,998",54,4,4,9,69.00,12.00,1.18,7.10,0
49,"4,358","244,010",75,1,22,23,56.00,7.80,1.79,2.58,0
49,"4,358","244,023",31,4,1,7,69.00,0.40,0.19,0.09,0
49,"4,358","244,034",55,2,32,8,229.00,4.90,3.03,8.19,0
49,"4,358","244,067",20,3,0,0,18.00,17.40,0.42,2.71,0
49,"4,358","244,106",39,5,3,9,42.00,15.20,3.08,3.31,0
49,"4,358","244,123",37,3,2,8,55.00,8.00,1.64,2.76,0
49,"4,358","244,159",20,3,0,0,41.00,4.30,0.47,1.29,0
49,"4,358","244,190",57,4,10,10,149.00,10.00,3.64,11.26,0
49,"4,358","244,208",50,1,20,15,117.00,7.60,3.15,5.74,0
49,"4,358","244,269",33,1,2,7,28.00,1.60,0.14,0.31,0
49,"4,358","244,280",36,1,16,10,44.00,7.40,1.96,1.30,0
49,"4,358","244,286",21,2,1,0,29.00,5.70,0.64,1.01,0
49,"4,358","244,337",37,3,12,11,121.00,13.60,4.69,11.77,0
49,"4,358","244,354",27,5,0,4,24.00,6.10,0.17,1.30,1
60,"4,098","295,009",28,4,5,5,112.00,9.90,0.93,10.16,0
60,"4,098","295,028",27,3,4,5,40.00,13.20,3.73,1.55,0
60,"4,098","295,035",32,3,4,3,37.00,4.10,0.48,1.04,1
60,"4,098","295,057",28,2,6,5,33.00,20.50,1.10,5.67,1
60,"4,098","295,083",24,4,0,2,35.00,12.10,2.47,1.77,1
60,"4,098","295,134",20,2,0,0,44.00,3.90,1.07,0.65,0
60,"4,098","295,153",39,4,16,4,47.00,16.50,4.16,3.60,0
60,"4,098","295,187",38,4,11,8,145.00,18.50,1.45,25.38,0
60,"4,098","295,193",65,2,38,11,352.00,2.50,0.39,8.41,0
60,"4,098","295,270",56,2,34,19,215.00,13.90,14.37,15.51,0
60,"4,098","295,295",18,2,0,0,57.00,3.10,1.24,0.53,1
60,"4,098","295,339",20,1,0,1,18.00,9.50,0.16,1.55,0
60,"4,098","295,367",62,1,4,13,27.00,13.20,1.73,1.84,0
60,"4,098","295,386",39,2,13,8,112.00,21.20,4.63,19.11,1
60,"4,098","295,449",29,4,3,2,102.00,9.80,4.83,5.17,1
60,"4,098","295,465",30,4,4,6,46.00,3.90,1.26,0.54,0
60,"4,098","295,472",52,3,21,14,121.00,2.40,0.39,2.51,0
60,"4,098","295,518",48,5,19,11,326.00,10.60,21.18,13.37,1
60,"4,098","295,658",20,1,2,0,42.00,3.10,0.89,0.41,1
60,"4,098","295,683",34,4,7,3,33.00,7.50,1.88,0.60,1
60,"4,098","295,711",68,1,51,26,274.00,7.00,8.59,10.59,0
60,"4,098","295,815",47,1,16,15,51.00,14.20,3.40,3.85,0
60,"4,098","295,913",37,2,12,8,29.00,9.30,0.88,1.82,0
60,"4,098","295,930",36,2,9,10,35.00,0.80,0.09,0.19,0
60,"4,098","295,938",30,4,1,6,107.00,8.90,1.44,8.09,1
60,"4,098","296,037",24,2,0,2,21.00,13.70,1.38,1.50,0
60,"4,098","296,049",24,4,0,2,49.00,13.60,3.04,3.63,1
60,"4,098","296,068",31,2,0,6,34.00,4.20,0.71,0.71,1
60,"4,098","296,183",41,4,15,13,89.00,9.20,2.55,5.63,0
60,"4,098","296,309",19,2,0,0,25.00,24.70,1.23,4.95,1
60,"4,098","296,317",20,3,0,1,23.00,1.00,0.02,0.21,0
60,"4,098","296,325",30,2,8,5,65.00,9.20,2.45,3.53,0
60,"4,098","296,347",42,2,5,12,72.00,19.30,0.25,13.65,0
60,"4,098","296,403",27,1,5,5,34.00,1.00,0.06,0.28,0
60,"4,098","296,493",24,4,0,2,38.00,1.60,0.03,0.57,0
60,"4,098","296,589",38,2,16,6,71.00,6.60,1.54,3.15,0
60,"4,098","296,591",24,1,7,2,29.00,13.60,0.64,3.30,0
60,"4,098","296,685",48,2,7,11,80.00,3.70,0.79,2.17,0
60,"4,098","296,709",49,4,0,11,77.00,2.00,0.21,1.33,0
60,"4,098","296,763",18,2,0,0,29.00,25.90,2.39,5.12,1
60,"4,098","296,812",64,2,11,28,27.00,2.40,0.08,0.57,0
60,"4,098","296,939",19,1,3,0,22.00,10.90,0.47,1.93,0
60,"4,098","296,988",49,3,2,17,36.00,23.60,2.66,5.84,1
60,"4,098","297,023",29,4,1,4,26.00,6.60,0.51,1.21,1
60,"4,098","297,063",28,2,3,5,64.00,9.40,1.03,4.98,1
60,"4,098","297,090",27,2,4,3,32.00,6.70,0.56,1.59,1
60,"4,098","297,143",24,4,0,2,40.00,8.60,1.20,2.24,0
60,"4,098","297,166",23,1,2,2,38.00,12.20,2.23,2.41,1
60,"4,098","297,181",43,5,3,8,30.00,3.10,0.34,0.59,0
60,"4,098","297,207",29,5,1,5,51.00,12.50,2.43,3.95,0
60,"4,098","297,282",61,3,35,9,327.00,4.60,7.63,7.42,0
60,"4,098","297,308",22,4,0,1,20.00,6.50,0.60,0.70,1
60,"4,098","297,345",24,2,2,3,34.00,2.40,0.27,0.54,0
60,"4,098","297,357",30,3,8,3,65.00,8.80,1.92,3.80,0
60,"4,098","297,360",37,3,3,4,57.00,10.80,0.72,5.44,1
60,"4,098","297,382",27,2,4,1,36.00,14.70,1.46,3.83,1
60,"4,098","297,384",22,4,0,1,29.00,3.70,0.08,0.99,0
60,"4,098","297,466",28,5,1,3,77.00,0.20,0.06,0.10,0
60,"4,098","297,470",31,2,11,4,41.00,2.00,0.34,0.48,0
60,"4,098","297,480",44,1,14,12,68.00,14.90,1.78,8.35,0
60,"4,098","297,533",69,2,24,22,84.00,20.20,5.63,11.33,0
60,"4,098","297,538",26,2,5,2,42.00,10.60,2.13,2.32,1
60,"4,098","297,698",51,3,9,15,96.00,16.80,0.58,15.55,1
60,"4,098","297,702",20,3,0,0,77.00,9.60,3.85,3.54,1
60,"4,098","297,820",24,3,2,0,43.00,7.30,1.24,1.90,0
60,"4,098","297,849",53,1,17,9,59.00,0.50,0.03,0.26,0
60,"4,098","297,867",29,2,0,4,28.00,4.70,0.14,1.18,1
60,"4,098","297,897",52,3,28,16,368.00,21.30,24.06,54.32,1
60,"4,098","297,922",28,3,4,4,20.00,21.10,0.57,3.65,0
60,"4,098","297,926",35,2,17,5,160.00,13.50,9.07,12.53,1
60,"4,098","297,953",20,2,0,0,27.00,10.30,0.39,2.39,1
60,"4,098","297,963",27,5,0,3,36.00,4.10,0.73,0.75,0
60,"4,098","298,020",34,4,2,4,46.00,22.50,1.21,9.14,0
60,"4,098","298,062",46,5,13,14,84.00,9.90,1.71,6.60,0
60,"4,098","298,134",36,4,4,8,101.00,6.70,2.09,4.68,1
60,"4,098","298,170",51,4,4,6,43.00,3.30,0.20,1.22,0
60,"4,098","298,250",39,1,20,10,52.00,19.70,2.33,7.92,0
60,"4,098","298,314",33,4,4,6,24.00,27.70,3.20,3.44,1
60,"4,098","298,328",65,2,38,25,231.00,9.30,2.02,19.46,0
60,"4,098","298,383",35,3,10,8,263.00,4.90,9.27,3.62,1
60,"4,098","298,392",41,2,22,7,226.00,17.40,7.12,32.21,1
60,"4,098","298,415",23,3,0,1,33.00,1.70,0.24,0.32,0
60,"4,098","298,439",23,1,5,1,23.00,24.30,3.50,2.08,1
60,"4,098","298,509",34,5,0,5,120.00,6.40,5.55,2.13,1
60,"4,098","298,541",18,2,0,0,30.00,19.80,2.30,3.64,1
60,"4,098","298,547",29,5,3,2,26.00,7.80,0.46,1.57,0
60,"4,098","298,591",38,4,13,12,204.00,19.50,15.43,24.35,1
60,"4,098","298,602",32,4,8,5,44.00,13.70,1.35,4.68,0
60,"4,098","298,624",34,2,12,7,58.00,19.90,2.49,9.05,0
60,"4,098","298,629",37,1,14,4,67.00,13.40,2.12,6.86,0
60,"4,098","298,696",37,3,4,6,53.00,15.50,1.27,6.95,0
60,"4,098","298,736",37,3,4,6,30.00,4.60,0.71,0.67,0
60,"4,098","298,857",45,4,16,13,53.00,5.70,0.93,2.09,0
60,"4,098","298,915",48,3,4,12,57.00,12.10,2.46,4.43,0
60,"4,098","298,944",36,1,12,5,55.00,5.80,1.20,1.99,0
60,"4,098","298,965",26,2,1,3,42.00,1.50,0.08,0.55,1
60,"4,098","298,970",60,1,31,22,170.00,8.00,8.77,4.83,0
60,"4,098","298,976",37,2,2,9,31.00,9.60,1.54,1.44,0
60,"4,098","298,996",27,4,1,2,21.00,14.40,0.52,2.51,0
60,"4,098","299,036",26,1,6,2,46.00,9.80,0.34,4.17,0
64,"1,919","315,016",32,3,7,5,34.00,10.70,0.52,3.12,0
64,"1,919","315,053",23,3,0,1,16.00,7.80,0.35,0.90,0
64,"1,919","315,060",58,3,18,13,54.00,4.20,0.82,1.45,0
64,"1,919","315,086",34,1,0,7,26.00,1.90,0.18,0.32,0
64,"1,919","315,102",30,2,0,4,17.00,4.90,0.41,0.42,1
64,"1,919","315,108",25,3,2,3,52.00,7.70,1.07,2.93,0
64,"1,919","315,159",24,2,3,2,24.00,10.70,1.98,0.59,0
64,"1,919","315,169",34,4,1,7,40.00,17.60,1.68,5.36,1
64,"1,919","315,203",64,1,7,26,24.00,6.50,0.29,1.27,0
64,"1,919","315,213",29,4,2,5,34.00,19.00,1.03,5.43,1
64,"1,919","315,234",21,2,1,1,29.00,0.90,0.02,0.24,0
64,"1,919","315,273",50,4,9,11,24.00,15.70,0.58,3.18,0
64,"1,919","315,276",25,4,0,2,29.00,15.70,1.83,2.73,1
64,"1,919","315,313",27,2,6,5,20.00,13.20,1.44,1.20,0
64,"1,919","315,326",25,3,4,3,41.00,18.40,2.01,5.54,0
64,"1,919","315,336",27,4,3,5,41.00,4.80,0.55,1.41,1
64,"1,919","315,373",26,2,4,4,31.00,5.50,0.25,1.45,0
64,"1,919","315,412",49,2,6,12,49.00,1.70,0.50,0.33,0
64,"1,919","315,414",41,3,0,8,39.00,29.10,2.16,9.19,1
64,"1,919","315,422",30,2,4,2,55.00,5.50,1.45,1.57,0
64,"1,919","315,442",37,1,16,8,43.00,5.60,0.64,1.77,0
64,"1,919","315,481",34,2,9,3,62.00,8.00,0.40,4.56,0
64,"1,919","315,507",50,4,23,11,104.00,4.80,0.93,4.06,0
64,"1,919","315,508",28,3,4,2,58.00,12.60,2.48,4.83,1
64,"1,919","315,514",19,2,0,0,20.00,3.10,0.26,0.36,1
64,"1,919","315,526",25,4,0,1,31.00,3.90,0.37,0.84,1
64,"1,919","315,544",18,2,0,0,15.00,12.20,0.37,1.46,0
64,"1,919","315,548",24,4,0,2,32.00,5.60,0.25,1.54,1
64,"1,919","315,568",30,2,5,6,26.00,14.80,0.97,2.87,1
64,"1,919","315,609",36,2,1,4,55.00,19.60,6.36,4.42,1
64,"1,919","315,619",32,4,0,5,38.00,3.70,0.18,1.22,1
64,"1,919","315,633",41,4,2,7,94.00,7.00,1.16,5.42,0
64,"1,919","315,665",47,2,28,11,189.00,3.20,4.18,1.87,0
64,"1,919","315,677",57,1,26,22,78.00,5.80,1.24,3.28,0
64,"1,919","315,731",26,1,4,3,34.00,19.00,0.67,5.79,1
64,"1,919","315,743",34,4,6,5,65.00,14.40,4.98,4.38,1
64,"1,919","315,748",33,2,0,7,64.00,10.60,2.69,4.10,0
64,"1,919","315,754",53,5,9,11,97.00,22.30,9.21,12.42,1
64,"1,919","315,771",61,2,20,17,91.00,4.30,1.26,2.65,0
64,"1,919","315,800",18,2,0,0,14.00,4.30,0.15,0.45,0
64,"1,919","315,812",21,3,0,1,18.00,12.10,0.59,1.59,0
64,"1,919","315,821",28,1,7,2,52.00,22.10,6.78,4.71,1
64,"1,919","315,831",34,2,4,8,49.00,3.10,0.04,1.48,0
64,"1,919","315,838",20,1,2,0,16.00,4.70,0.25,0.50,0
64,"1,919","315,857",34,1,11,6,54.00,10.60,3.12,2.60,0
64,"1,919","315,892",22,3,0,1,14.00,2.50,0.26,0.09,0
64,"1,919","315,898",34,2,8,7,30.00,24.30,0.21,7.08,0
64,"1,919","315,931",18,2,0,0,18.00,13.10,0.92,1.44,1
64,"1,919","315,948",41,2,21,9,64.00,0.30,0.12,0.07,0
64,"1,919","315,970",46,1,4,7,67.00,3.40,0.76,1.52,0
64,"1,919","316,013",21,2,0,1,20.00,2.20,0.10,0.34,0
64,"1,919","316,027",51,2,19,16,47.00,22.70,3.28,7.39,0
64,"1,919","316,033",27,5,0,3,25.00,22.90,1.09,4.64,1
64,"1,919","316,060",35,2,15,3,30.00,21.30,1.28,5.11,0
64,"1,919","316,077",22,4,0,2,26.00,6.00,0.02,1.54,0
64,"1,919","316,104",65,1,38,13,143.00,11.10,1.17,14.70,0
64,"1,919","316,135",43,3,5,11,27.00,21.20,2.83,2.90,1
64,"1,919","316,149",23,4,0,2,23.00,18.00,0.51,3.63,1
64,"1,919","316,159",66,2,43,22,152.00,9.00,5.06,8.62,0
64,"1,919","316,172",25,2,3,2,48.00,8.20,2.87,1.07,1
64,"1,919","316,193",35,4,0,11,84.00,3.40,1.18,1.67,0
64,"1,919","316,201",19,2,0,0,20.00,12.80,1.14,1.42,0
64,"1,919","316,230",25,4,1,1,20.00,6.90,0.43,0.95,1
64,"1,919","316,244",23,4,0,1,62.00,3.00,0.56,1.30,1
64,"1,919","316,258",23,3,2,1,40.00,21.20,2.65,5.83,1
64,"1,919","316,268",49,3,12,11,85.00,4.50,2.29,1.53,0
64,"1,919","316,281",45,4,6,10,59.00,10.60,3.80,2.45,0
64,"1,919","316,289",45,2,10,13,45.00,2.90,0.19,1.12,0
64,"1,919","316,302",32,4,6,7,31.00,5.20,0.38,1.23,0
64,"1,919","316,305",28,4,0,4,60.00,0.50,0.08,0.22,0
64,"1,919","316,309",44,3,22,9,131.00,7.00,0.83,8.34,0
64,"1,919","316,311",49,3,20,9,140.00,9.90,4.42,9.44,0
64,"1,919","316,315",19,2,0,0,19.00,4.40,0.06,0.77,0
64,"1,919","316,359",34,3,0,6,24.00,9.40,0.08,2.18,1
64,"1,919","316,361",51,3,2,15,34.00,7.20,1.77,0.68,0
64,"1,919","316,431",28,2,4,4,25.00,34.80,1.04,7.66,1
64,"1,919","316,502",51,4,20,18,512.00,6.50,6.82,26.46,0
64,"1,919","316,510",24,4,0,1,63.00,26.90,7.19,9.76,1
64,"1,919","316,518",41,5,9,14,87.00,4.40,0.78,3.05,0
64,"1,919","316,521",23,4,0,1,35.00,15.00,0.40,4.85,1
64,"1,919","316,547",33,4,3,7,19.00,17.20,0.37,2.90,1
64,"1,919","316,569",42,2,18,5,176.00,5.60,3.91,5.94,0
64,"1,919","316,577",20,3,0,0,16.00,3.50,0.23,0.33,1
64,"1,919","316,583",27,2,3,4,26.00,2.60,0.09,0.58,0
64,"1,919","316,622",34,2,9,3,29.00,11.60,1.06,2.30,1
64,"1,919","316,635",20,2,0,0,34.00,12.90,0.90,3.49,1
64,"1,919","316,655",66,2,9,23,54.00,15.80,1.34,7.19,0
64,"1,919","316,681",19,2,0,0,20.00,12.70,1.22,1.32,0
64,"1,919","316,735",33,5,2,7,79.00,23.70,10.47,8.26,1
64,"1,919","316,737",22,3,1,1,17.00,25.40,2.38,1.94,1
64,"1,919","316,777",40,2,5,7,43.00,23.90,3.69,6.59,1
64,"1,919","316,798",55,5,25,12,73.00,19.10,5.80,8.14,0
64,"1,919","316,809",25,4,1,1,15.00,8.90,0.56,0.78,1
64,"1,919","316,824",23,3,0,1,30.00,6.90,0.55,1.52,0
64,"1,919","316,838",37,4,13,5,225.00,1.10,1.42,1.06,0
64,"1,919","316,862",18,2,0,0,21.00,6.60,0.08,1.31,1
64,"1,919","316,881",23,2,4,1,22.00,3.80,0.08,0.76,0
64,"1,919","316,883",27,2,2,2,55.00,11.70,0.54,5.89,1
64,"1,919","316,907",42,5,6,8,20.00,15.30,1.43,1.63,1
64,"1,919","316,909",31,3,9,6,23.00,7.80,0.45,1.35,0
68,"3,388","335,024",33,2,9,5,34.00,12.70,3.16,1.16,1
68,"3,388","335,038",58,4,26,21,132.00,2.40,0.98,2.19,0
68,"3,388","335,114",58,3,24,24,138.00,3.90,2.86,2.52,0
68,"3,388","335,125",48,2,12,12,51.00,4.30,0.22,1.97,0
68,"3,388","335,142",26,2,2,4,55.00,11.00,4.69,1.36,1
68,"3,388","335,161",28,5,2,5,18.00,11.90,0.32,1.82,1
68,"3,388","335,203",22,1,4,1,21.00,9.00,0.87,1.02,0
68,"3,388","335,236",18,2,0,0,18.00,8.00,0.40,1.04,0
68,"3,388","335,322",57,2,4,12,61.00,2.30,0.11,1.29,0
68,"3,388","335,417",19,2,1,0,24.00,12.30,1.11,1.84,1
68,"3,388","335,431",31,4,4,5,36.00,22.40,0.15,7.91,0
68,"3,388","335,434",18,1,1,0,18.00,8.00,0.74,0.70,1
68,"3,388","335,530",23,3,0,1,18.00,4.00,0.05,0.67,0
68,"3,388","335,566",19,2,0,0,14.00,8.20,0.38,0.77,1
68,"3,388","335,573",29,3,0,4,70.00,16.50,8.21,3.34,1
68,"3,388","335,610",29,3,8,5,39.00,11.60,3.26,1.27,1
68,"3,388","335,615",25,2,2,3,24.00,3.00,0.15,0.57,0
68,"3,388","335,635",18,2,0,0,24.00,0.90,0.13,0.09,1
68,"3,388","335,667",40,3,4,6,87.00,1.20,0.86,0.18,0
68,"3,388","335,669",31,2,11,8,36.00,4.70,0.13,1.57,0
68,"3,388","335,672",52,4,2,12,84.00,3.10,0.20,2.40,0
68,"3,388","335,680",37,2,18,3,39.00,26.90,5.46,5.04,1
68,"3,388","335,690",40,3,18,13,84.00,6.20,0.94,4.27,0
68,"3,388","335,722",18,2,0,0,17.00,11.90,0.17,1.86,1
68,"3,388","335,743",45,1,24,14,69.00,3.20,1.33,0.87,0
68,"3,388","335,816",34,3,11,6,52.00,12.90,4.17,2.54,0
68,"3,388","335,819",19,2,0,0,21.00,12.60,1.23,1.42,1
68,"3,388","335,844",25,3,3,1,27.00,16.90,1.09,3.48,0
68,"3,388","335,958",53,2,30,12,220.00,12.90,2.81,25.57,0
68,"3,388","336,005",30,3,4,4,39.00,11.60,1.39,3.13,0
68,"3,388","336,019",49,5,23,11,178.00,19.40,5.59,28.94,0
68,"3,388","336,093",21,2,2,1,23.00,3.50,0.25,0.55,0
68,"3,388","336,204",40,2,0,12,21.00,36.60,4.35,3.34,1
68,"3,388","336,244",18,2,0,0,23.00,11.50,0.66,1.98,1
68,"3,388","336,247",18,2,0,0,15.00,8.00,0.22,0.98,0
68,"3,388","336,295",34,1,10,6,50.00,5.30,0.58,2.07,0
68,"3,388","336,308",33,4,5,8,27.00,20.60,1.09,4.47,0
68,"3,388","336,316",45,3,23,10,55.00,13.30,1.46,5.86,0
68,"3,388","336,326",40,4,15,13,111.00,9.60,1.88,8.78,0
68,"3,388","336,330",49,1,4,11,36.00,9.90,1.36,2.21,0
68,"3,388","336,350",27,3,0,4,31.00,3.70,0.28,0.86,0
68,"3,388","336,401",52,1,26,12,77.00,28.60,5.26,16.76,0
68,"3,388","336,436",23,2,1,2,30.00,18.20,1.37,4.09,1
68,"3,388","336,457",39,3,16,10,46.00,11.30,1.45,3.75,0
68,"3,388","336,479",20,2,0,1,28.00,9.80,0.66,2.09,0
68,"3,388","336,499",26,3,0,3,23.00,10.90,1.71,0.80,1
68,"3,388","336,510",62,4,23,22,124.00,23.00,19.05,9.47,1
68,"3,388","336,576",39,2,1,9,27.00,1.40,0.10,0.28,0
68,"3,388","336,580",26,1,5,2,47.00,21.70,6.14,4.06,1
68,"3,388","336,624",35,2,15,8,66.00,3.30,1.05,1.12,0
68,"3,388","336,636",46,5,11,9,136.00,4.90,3.27,3.39,1
68,"3,388","336,640",47,4,17,17,61.00,7.50,3.12,1.45,0
68,"3,388","336,658",56,1,3,16,38.00,18.70,3.72,3.39,1
68,"3,388","336,706",21,3,0,1,33.00,9.10,1.05,1.95,1
68,"3,388","336,731",29,2,0,5,33.00,5.80,0.58,1.34,0
68,"3,388","336,792",28,2,3,5,53.00,5.70,1.57,1.45,1
68,"3,388","336,815",28,3,3,3,61.00,16.10,3.16,6.66,1
68,"3,388","336,852",30,1,4,6,30.00,10.80,1.03,2.21,0
68,"3,388","336,899",20,1,1,0,22.00,10.10,0.14,2.08,1
68,"3,388","336,953",24,4,0,2,29.00,9.60,1.04,1.75,1
68,"3,388","336,969",29,4,5,4,73.00,25.10,2.18,16.14,1
68,"3,388","337,073",19,2,0,0,15.00,9.50,0.40,1.03,1
68,"3,388","337,079",63,2,29,19,208.00,16.60,21.89,12.64,1
68,"3,388","337,113",39,2,17,9,90.00,6.80,3.45,2.67,0
68,"3,388","337,128",22,4,0,1,30.00,3.40,0.15,0.87,0
68,"3,388","337,143",30,2,2,4,34.00,11.60,1.39,2.55,0
68,"3,388","337,173",24,1,4,2,24.00,18.00,1.64,2.68,1
68,"3,388","337,261",25,4,1,2,66.00,4.20,0.55,2.22,1
68,"3,388","337,272",22,2,2,1,39.00,4.70,0.50,1.33,0
68,"3,388","337,301",35,5,0,9,36.00,13.30,0.99,3.80,0
68,"3,388","337,304",51,3,14,16,161.00,1.40,0.57,1.69,0
68,"3,388","337,309",65,2,0,25,57.00,6.20,1.68,1.86,0
68,"3,388","337,365",38,4,14,7,192.00,28.90,5.27,50.22,1
68,"3,388","337,367",28,2,8,4,24.00,24.60,4.07,1.83,1
68,"3,388","337,411",30,4,2,5,27.00,10.60,0.74,2.13,0
68,"3,388","337,462",22,4,0,2,46.00,8.60,1.76,2.19,1
68,"3,388","337,514",19,2,0,0,28.00,7.50,1.51,0.59,1
68,"3,388","337,528",48,4,24,18,66.00,4.40,0.32,2.58,0
68,"3,388","337,553",18,2,0,0,16.00,8.30,0.17,1.15,1
68,"3,388","337,620",29,2,1,5,39.00,10.30,2.98,1.03,1
68,"3,388","337,625",37,2,0,9,37.00,16.20,0.93,5.06,0
68,"3,388","337,641",23,4,0,1,73.00,0.70,0.25,0.26,0
68,"3,388","337,769",27,3,4,5,41.00,6.10,1.65,0.85,1
68,"3,388","337,840",38,4,10,11,63.00,12.20,2.76,4.93,0
68,"3,388","337,873",39,3,10,7,45.00,25.00,1.77,9.48,0
68,"3,388","337,887",28,4,4,3,48.00,24.30,3.34,8.33,1
68,"3,388","337,922",54,3,2,19,35.00,6.40,0.93,1.31,0
68,"3,388","337,945",39,4,12,10,98.00,1.60,0.16,1.41,0
68,"3,388","337,963",19,2,0,0,26.00,17.20,2.65,1.82,1
68,"3,388","337,991",71,1,2,13,23.00,10.10,1.44,0.89,0
68,"3,388","338,047",24,2,4,2,21.00,3.80,0.36,0.44,0
68,"3,388","338,062",28,2,3,4,20.00,9.00,0.37,1.43,0
68,"3,388","338,069",21,1,4,1,15.00,7.30,0.05,1.04,0
68,"3,388","338,112",36,2,8,2,42.00,3.10,0.75,0.55,0
68,"3,388","338,207",36,2,1,8,31.00,21.00,0.33,6.18,0
68,"3,388","338,240",23,1,0,2,20.00,8.40,0.24,1.44,1
68,"3,388","338,253",28,3,3,3,25.00,18.80,1.16,3.54,1
68,"3,388","338,294",26,3,0,3,31.00,3.10,0.10,0.86,1
68,"3,388","338,307",36,5,3,7,45.00,3.30,0.47,1.02,0
68,"3,388","338,320",32,4,2,2,55.00,10.60,1.43,4.40,1
73,"4,501","360,036",24,4,0,1,56.00,9.30,1.55,3.66,1
73,"4,501","360,188",19,2,0,0,55.00,7.90,0.61,3.73,0
73,"4,501","360,230",28,4,2,3,22.00,6.20,0.76,0.61,1
73,"4,501","360,245",40,5,1,11,32.00,18.60,3.40,2.55,1
73,"4,501","360,349",33,5,6,4,121.00,15.10,3.31,14.96,1
73,"4,501","360,448",34,3,0,4,23.00,6.80,0.69,0.88,1
73,"4,501","360,449",19,2,0,0,30.00,4.00,0.52,0.68,0
73,"4,501","360,504",44,1,17,14,107.00,13.00,3.83,10.08,0
73,"4,501","360,509",29,2,1,6,36.00,9.30,1.42,1.93,1
73,"4,501","360,518",65,1,10,18,32.00,9.90,1.37,1.80,0
73,"4,501","360,585",45,2,18,11,59.00,8.90,2.74,2.51,0
73,"4,501","360,684",33,2,4,8,79.00,12.60,8.55,1.40,1
73,"4,501","360,740",32,3,3,5,34.00,12.40,2.18,2.03,0
73,"4,501","360,763",32,4,5,6,67.00,8.40,3.38,2.25,0
73,"4,501","360,917",23,3,0,1,34.00,9.20,1.25,1.87,1
73,"4,501","360,925",25,5,0,2,60.00,8.40,1.25,3.79,0
73,"4,501","360,927",22,4,0,1,23.00,6.20,0.35,1.08,1
73,"4,501","360,963",27,1,6,2,20.00,14.30,0.38,2.48,0
73,"4,501","360,968",43,4,0,10,94.00,19.90,6.32,12.38,1
73,"4,501","360,970",53,4,26,20,249.00,5.80,7.58,6.86,0
73,"4,501","361,058",24,3,2,3,22.00,5.60,0.08,1.15,0
73,"4,501","361,072",43,2,13,13,62.00,24.20,8.07,6.93,1
73,"4,501","361,083",25,1,4,1,33.00,13.20,1.63,2.73,1
73,"4,501","361,101",26,3,0,3,24.00,32.00,4.42,3.26,1
73,"4,501","361,105",18,2,0,0,34.00,16.30,1.87,3.67,1
73,"4,501","361,146",46,4,14,10,57.00,4.70,0.25,2.43,0
73,"4,501","361,166",46,4,22,10,160.00,15.50,9.92,14.88,1
73,"4,501","361,198",52,2,22,17,87.00,11.30,0.71,9.12,0
73,"4,501","361,201",35,3,3,7,54.00,11.00,1.16,4.78,0
73,"4,501","361,255",23,3,1,2,63.00,16.80,3.14,7.44,1
73,"4,501","361,267",33,1,7,5,33.00,6.90,0.68,1.60,1
73,"4,501","361,299",18,2,0,0,28.00,8.10,0.84,1.42,1
73,"4,501","361,305",31,2,11,8,37.00,5.70,0.82,1.28,0
73,"4,501","361,346",30,3,4,3,62.00,14.80,1.53,7.64,1
73,"4,501","361,396",23,3,2,2,32.00,3.00,0.28,0.68,0
73,"4,501","361,437",42,2,1,5,50.00,9.60,2.60,2.20,0
73,"4,501","361,440",21,2,0,1,21.00,6.30,0.83,0.49,1
73,"4,501","361,454",35,2,15,8,55.00,10.20,3.37,2.24,0
73,"4,501","361,487",26,2,5,1,47.00,6.20,1.83,1.09,0
73,"4,501","361,612",75,4,50,18,460.00,19.60,26.69,63.47,1
73,"4,501","361,630",22,3,0,2,32.00,3.70,0.31,0.87,1
73,"4,501","361,699",19,2,0,0,21.00,5.60,0.14,1.04,0
73,"4,501","361,704",28,2,3,2,22.00,11.50,0.87,1.66,0
73,"4,501","361,727",22,3,0,1,45.00,13.60,1.87,4.25,0
73,"4,501","361,728",30,2,4,4,45.00,10.00,2.13,2.37,0
73,"4,501","361,759",24,4,0,1,53.00,16.10,5.09,3.44,1
73,"4,501","361,823",20,3,0,0,33.00,9.40,0.55,2.55,1
73,"4,501","361,845",38,2,18,7,53.00,5.20,1.20,1.55,0
73,"4,501","361,850",20,3,0,0,22.00,5.10,0.36,0.76,1
73,"4,501","361,875",28,5,0,4,57.00,12.40,4.52,2.54,1
73,"4,501","361,900",23,3,0,2,25.00,4.20,0.16,0.89,0
73,"4,501","361,907",21,3,0,1,22.00,8.50,0.08,1.79,0
73,"4,501","362,006",23,4,0,1,28.00,3.10,0.34,0.53,0
73,"4,501","362,180",19,2,0,0,22.00,8.20,0.50,1.30,0
73,"4,501","362,320",26,2,3,4,33.00,2.70,0.53,0.36,0
73,"4,501","362,379",19,2,0,0,23.00,18.40,0.98,3.25,1
73,"4,501","362,479",24,2,5,2,37.00,5.70,0.48,1.63,0
73,"4,501","362,480",19,2,0,0,33.00,7.50,0.36,2.11,0
73,"4,501","362,493",34,4,9,9,34.00,32.10,2.39,8.52,1
73,"4,501","362,513",26,4,1,1,31.00,12.30,1.15,2.67,1
73,"4,501","362,711",63,1,17,26,103.00,12.30,3.47,9.20,0
73,"4,501","362,745",31,3,7,4,30.00,1.90,0.17,0.40,0
73,"4,501","362,747",22,4,0,1,28.00,8.10,0.61,1.66,1
73,"4,501","362,797",34,2,6,4,41.00,7.50,1.09,1.98,1
73,"4,501","362,909",45,2,24,10,86.00,9.70,1.74,6.60,0
73,"4,501","362,911",22,3,0,1,31.00,10.10,0.70,2.44,1
73,"4,501","363,011",21,3,0,1,44.00,6.30,1.29,1.48,0
73,"4,501","363,019",65,1,21,23,42.00,1.60,0.29,0.38,0
73,"4,501","363,142",24,3,0,2,17.00,9.20,0.31,1.25,0
73,"4,501","363,175",25,4,1,2,35.00,1.40,0.06,0.43,1
73,"4,501","363,198",32,4,3,6,56.00,13.20,1.53,5.86,1
73,"4,501","363,246",21,3,0,0,36.00,14.10,1.60,3.48,1
73,"4,501","363,280",23,4,0,2,34.00,17.00,2.16,3.62,1
73,"4,501","363,302",40,3,17,6,120.00,10.20,4.32,7.92,0
73,"4,501","363,329",44,2,2,17,50.00,2.80,0.52,0.88,0
73,"4,501","363,388",39,4,4,6,75.00,5.60,2.62,1.58,0
73,"4,501","363,447",26,3,3,4,18.00,12.90,0.40,1.92,1
73,"4,501","363,476",25,2,1,3,20.00,2.50,0.17,0.33,0
73,"4,501","363,504",28,2,8,4,40.00,9.80,1.36,2.56,1
73,"4,501","363,544",43,4,13,12,127.00,3.00,0.42,3.39,0
73,"4,501","363,681",28,2,6,2,112.00,3.40,0.38,3.43,0
73,"4,501","363,785",40,1,16,7,33.00,23.30,2.02,5.67,1
73,"4,501","363,807",31,1,0,6,26.00,3.20,0.34,0.49,0
73,"4,501","363,822",29,3,0,5,37.00,6.70,0.70,1.77,0
73,"4,501","363,832",54,1,13,18,105.00,13.60,1.63,12.65,0
73,"4,501","363,882",42,4,9,9,49.00,7.30,1.15,2.43,1
73,"4,501","363,946",39,2,14,7,94.00,30.20,10.50,17.88,1
73,"4,501","363,975",36,3,10,7,101.00,13.10,7.24,5.99,1
73,"4,501","364,013",55,5,21,14,91.00,6.60,2.01,3.99,0
73,"4,501","364,037",21,2,0,1,15.00,4.10,0.25,0.37,0
73,"4,501","364,057",49,3,3,7,28.00,6.90,0.85,1.09,0
73,"4,501","364,071",50,4,27,12,181.00,2.30,1.79,2.37,0
73,"4,501","364,125",22,4,0,1,55.00,27.40,6.22,8.85,1
73,"4,501","364,211",33,2,3,6,33.00,5.10,0.90,0.79,0
73,"4,501","364,304",39,4,9,12,78.00,4.10,0.35,2.85,0
73,"4,501","364,366",26,3,3,3,66.00,4.00,0.19,2.45,0
73,"4,501","364,418",23,1,5,1,48.00,18.00,1.05,7.59,1
73,"4,501","364,428",19,2,0,0,31.00,10.60,0.99,2.29,1
73,"4,501","364,476",32,2,7,3,33.00,24.60,4.14,3.98,1
73,"4,501","364,499",19,2,0,0,19.00,5.40,0.37,0.65,1
74,"2,658","365,041",33,1,9,4,22.00,14.60,0.73,2.48,0
74,"2,658","365,043",55,5,11,16,88.00,12.90,5.11,6.24,0
74,"2,658","365,079",21,2,1,1,30.00,3.10,0.31,0.62,0
74,"2,658","365,110",47,2,10,10,39.00,6.70,0.22,2.39,0
74,"2,658","365,120",24,2,2,0,32.00,11.00,0.83,2.69,0
74,"2,658","365,178",25,2,5,2,36.00,2.70,0.53,0.44,0
74,"2,658","365,216",34,4,9,7,58.00,28.40,4.97,11.50,1
74,"2,658","365,236",67,2,7,25,58.00,11.40,1.59,5.03,0
74,"2,658","365,265",51,2,22,11,65.00,18.10,4.91,6.86,0
74,"2,658","365,285",45,2,26,12,100.00,7.50,1.70,5.81,0
74,"2,658","365,288",24,3,0,2,67.00,8.90,2.38,3.58,1
74,"2,658","365,291",46,2,23,14,99.00,3.20,1.81,1.36,0
74,"2,658","365,383",53,4,3,15,50.00,15.70,4.25,3.60,0
74,"2,658","365,437",28,4,1,4,175.00,19.40,7.03,26.92,1
74,"2,658","365,442",21,3,0,0,20.00,4.00,0.48,0.32,0
74,"2,658","365,473",28,4,2,3,47.00,12.10,0.43,5.25,1
74,"2,658","365,477",51,3,10,17,144.00,4.90,0.92,6.14,0
74,"2,658","365,484",27,4,1,4,38.00,8.20,0.62,2.50,0
74,"2,658","365,507",18,1,1,0,15.00,8.40,0.74,0.52,1
74,"2,658","365,536",62,1,32,19,86.00,6.30,3.97,1.45,0
74,"2,658","365,579",30,2,3,1,35.00,16.10,0.81,4.82,1
74,"2,658","365,587",19,2,0,0,21.00,8.10,0.69,1.01,0
74,"2,658","365,613",76,3,12,27,53.00,6.20,1.28,2.01,0
74,"2,658","365,668",22,4,0,1,19.00,7.40,0.78,0.63,1
74,"2,658","365,683",26,1,10,4,43.00,5.20,0.89,1.35,0
74,"2,658","365,719",18,2,0,0,30.00,8.90,0.23,2.44,1
74,"2,658","365,731",30,3,3,2,23.00,6.50,0.28,1.22,1
74,"2,658","365,743",36,2,5,9,50.00,0.80,0.12,0.28,0
74,"2,658","365,773",30,2,5,6,36.00,4.70,0.77,0.92,0
74,"2,658","365,817",42,2,17,7,66.00,8.70,1.73,4.01,0
74,"2,658","365,823",18,2,0,0,30.00,3.80,0.57,0.57,0
74,"2,658","365,839",28,4,3,3,47.00,17.70,2.79,5.53,1
74,"2,658","365,866",48,2,22,16,196.00,10.50,7.41,13.17,1
74,"2,658","365,869",42,1,1,10,32.00,7.20,0.69,1.62,1
74,"2,658","365,873",33,4,7,6,63.00,16.70,2.81,7.71,0
74,"2,658","365,895",26,4,1,3,35.00,7.00,1.21,1.24,0
74,"2,658","365,943",24,4,0,2,25.00,5.70,0.64,0.79,1
74,"2,658","365,968",39,4,4,6,84.00,3.40,0.41,2.45,0
74,"2,658","365,987",19,2,1,0,20.00,25.90,1.94,3.24,1
74,"2,658","366,021",18,2,0,0,27.00,6.10,0.92,0.73,0
74,"2,658","366,054",23,4,0,1,47.00,12.30,2.10,3.68,1
74,"2,658","366,058",23,1,5,1,26.00,5.30,0.14,1.24,1
74,"2,658","366,075",30,3,1,4,26.00,8.00,1.18,0.90,0
74,"2,658","366,079",59,1,3,14,44.00,16.60,5.47,1.83,1
74,"2,658","366,080",37,1,0,8,36.00,16.10,1.99,3.81,1
74,"2,658","366,109",35,1,16,6,93.00,4.70,2.86,1.51,0
74,"2,658","366,221",23,2,2,0,17.00,21.30,0.30,3.32,1
74,"2,658","366,287",52,4,2,18,48.00,5.40,1.40,1.19,0
74,"2,658","366,299",19,2,0,0,26.00,14.30,0.52,3.20,1
74,"2,658","366,365",70,2,33,17,150.00,13.30,5.17,14.78,0
74,"2,658","366,382",30,4,5,6,109.00,7.80,1.39,7.11,0
74,"2,658","366,410",40,1,17,5,72.00,7.30,0.95,4.31,0
74,"2,658","366,458",23,3,2,2,39.00,16.60,1.64,4.83,0
74,"2,658","366,486",26,1,5,3,24.00,7.90,0.33,1.56,0
74,"2,658","366,563",33,3,12,9,48.00,3.70,0.93,0.84,0
74,"2,658","366,568",55,2,4,19,59.00,22.00,6.83,6.15,1
74,"2,658","366,585",46,1,5,9,40.00,4.50,0.98,0.82,0
74,"2,658","366,610",32,2,12,9,27.00,1.80,0.16,0.32,0
74,"2,658","366,622",18,2,0,0,35.00,12.30,0.87,3.44,0
74,"2,658","366,635",18,2,0,0,27.00,9.40,0.43,2.10,1
74,"2,658","366,655",23,4,0,2,33.00,2.90,0.23,0.72,0
74,"2,658","366,658",41,2,21,9,56.00,4.80,1.15,1.54,0
74,"2,658","366,663",22,4,0,1,21.00,11.80,0.67,1.81,0
74,"2,658","366,664",33,2,15,6,71.00,14.60,2.79,7.58,0
74,"2,658","366,673",24,4,0,1,128.00,8.90,3.55,7.84,1
74,"2,658","366,716",23,3,1,2,28.00,0.60,0.06,0.11,0
74,"2,658","366,741",37,4,3,8,41.00,14.40,2.03,3.87,0
74,"2,658","366,753",43,1,4,9,26.00,12.90,1.53,1.82,0
74,"2,658","366,756",31,3,2,5,45.00,13.10,1.64,4.25,1
74,"2,658","366,761",20,3,0,1,28.00,8.60,0.20,2.21,0
74,"2,658","366,765",24,2,5,1,26.00,13.10,1.09,2.32,0
74,"2,658","366,778",28,3,4,3,23.00,4.90,0.55,0.58,1
74,"2,658","366,795",53,4,1,16,46.00,11.30,2.66,2.54,1
74,"2,658","366,813",26,4,1,2,63.00,11.90,0.94,6.55,1
74,"2,658","366,819",21,2,1,1,24.00,4.20,0.06,0.95,0
74,"2,658","366,841",22,3,1,1,29.00,15.80,2.94,1.64,1
74,"2,658","366,853",44,4,4,14,65.00,5.80,1.53,2.24,0
74,"2,658","366,897",29,2,6,5,27.00,6.30,0.13,1.57,0
74,"2,658","366,953",28,3,3,3,31.00,12.90,2.36,1.64,1
74,"2,658","366,960",41,2,4,11,56.00,7.30,2.56,1.53,0
74,"2,658","367,033",64,1,36,15,145.00,6.60,3.27,6.30,0
74,"2,658","367,052",44,4,4,5,15.00,16.60,0.08,2.41,0
74,"2,658","367,081",21,2,1,1,23.00,9.50,0.14,2.05,0
74,"2,658","367,082",50,2,21,10,88.00,1.40,0.21,1.02,0
74,"2,658","367,207",18,2,0,0,20.00,19.00,1.33,2.47,1
74,"2,658","367,213",29,5,0,4,40.00,12.50,2.03,2.98,1
74,"2,658","367,238",38,2,1,9,28.00,0.80,0.13,0.10,1
74,"2,658","367,250",30,4,1,5,65.00,13.40,4.55,4.16,1
74,"2,658","367,263",27,2,8,4,29.00,6.50,0.85,1.04,0
74,"2,658","367,322",28,1,8,4,45.00,6.00,0.72,1.98,0
74,"2,658","367,368",27,2,9,3,31.00,6.30,0.27,1.69,0
74,"2,658","367,383",67,1,40,24,88.00,6.30,1.42,4.12,0
74,"2,658","367,435",36,4,12,9,35.00,8.10,1.05,1.78,0
74,"2,658","367,468",30,4,3,4,38.00,11.90,0.80,3.73,0
74,"2,658","367,471",29,3,7,6,57.00,4.30,1.04,1.41,0
74,"2,658","367,492",18,2,0,0,20.00,16.70,0.46,2.88,1
74,"2,658","367,497",46,1,20,14,48.00,2.70,0.94,0.36,0
74,"2,658","367,502",38,1,6,10,24.00,16.80,0.56,3.48,1
74,"2,658","367,569",23,3,0,2,32.00,7.90,1.22,1.30,0
74,"2,658","367,610",41,5,6,5,190.00,1.90,0.86,2.75,0
75,"2,600","370,015",59,3,7,20,92.00,7.50,3.06,3.84,0
75,"2,600","370,057",64,2,42,22,267.00,13.20,16.95,18.29,0
75,"2,600","370,068",32,4,7,6,71.00,19.50,4.13,9.72,1
75,"2,600","370,095",32,3,4,4,37.00,3.10,0.32,0.83,0
75,"2,600","370,103",22,4,0,1,28.00,19.80,0.44,5.10,1
75,"2,600","370,112",21,2,3,1,15.00,11.80,0.42,1.35,1
75,"2,600","370,157",66,2,18,24,70.00,2.80,1.00,0.96,0
75,"2,600","370,165",18,2,0,0,22.00,4.40,0.15,0.82,1
75,"2,600","370,182",40,2,16,11,53.00,1.20,0.42,0.21,0
75,"2,600","370,209",21,3,0,0,27.00,2.30,0.22,0.40,0
75,"2,600","370,216",35,3,2,7,27.00,0.80,0.10,0.11,0
75,"2,600","370,237",18,2,0,0,19.00,14.90,0.14,2.70,1
75,"2,600","370,290",27,3,3,2,38.00,9.70,0.44,3.24,1
75,"2,600","370,297",54,3,15,11,93.00,13.70,7.99,4.75,1
75,"2,600","370,384",58,2,2,20,31.00,3.30,0.50,0.52,0
75,"2,600","370,404",43,3,3,12,38.00,6.00,0.62,1.66,0
75,"2,600","370,440",42,4,6,14,49.00,14.70,2.85,4.36,0
75,"2,600","370,446",26,4,0,3,26.00,3.30,0.41,0.45,0
75,"2,600","370,500",31,4,8,6,47.00,24.60,5.98,5.58,1
75,"2,600","370,619",18,2,0,0,22.00,10.20,0.52,1.72,1
75,"2,600","370,648",33,4,4,4,136.00,10.10,5.56,8.17,1
75,"2,600","370,650",46,3,0,7,34.00,3.90,0.08,1.24,0
75,"2,600","370,667",35,4,6,9,81.00,6.80,2.84,2.67,0
75,"2,600","370,672",68,3,38,25,154.00,6.20,3.02,6.53,0
75,"2,600","370,695",24,4,0,2,45.00,6.70,0.82,2.19,0
75,"2,600","370,721",46,4,1,10,58.00,7.60,0.33,4.08,0
75,"2,600","370,722",38,3,12,9,86.00,2.40,0.87,1.19,0
75,"2,600","370,730",43,2,13,10,62.00,21.90,7.90,5.68,1
75,"2,600","370,733",20,3,0,0,27.00,1.00,0.11,0.16,1
75,"2,600","370,775",23,4,0,1,24.00,26.90,0.40,6.06,1
75,"2,600","370,788",45,1,8,12,41.00,14.80,0.26,5.81,0
75,"2,600","370,813",37,1,7,2,29.00,4.30,0.17,1.08,0
75,"2,600","370,841",51,3,29,14,285.00,16.60,14.81,32.50,0
75,"2,600","370,856",18,2,0,0,31.00,9.10,0.49,2.33,1
75,"2,600","370,878",33,4,2,6,66.00,3.10,0.83,1.21,0
75,"2,600","370,896",37,4,8,7,62.00,23.90,5.81,9.01,1
75,"2,600","370,900",59,3,22,22,84.00,16.00,1.85,11.59,0
75,"2,600","370,913",57,2,36,18,172.00,9.20,3.45,12.37,0
75,"2,600","370,923",19,2,0,0,39.00,4.40,0.73,0.99,0
75,"2,600","370,970",44,2,15,17,59.00,18.30,5.85,4.95,1
75,"2,600","371,071",32,2,0,4,35.00,18.10,1.14,5.19,1
75,"2,600","371,139",38,3,6,11,37.00,19.10,2.37,4.69,1
75,"2,600","371,228",19,2,0,0,17.00,12.40,0.34,1.77,1
75,"2,600","371,240",21,3,0,1,35.00,22.70,2.13,5.82,1
75,"2,600","371,311",28,1,7,3,43.00,23.40,0.27,9.79,1
75,"2,600","371,316",19,2,0,0,30.00,24.30,0.53,6.76,1
75,"2,600","371,328",48,1,0,12,28.00,2.60,0.12,0.61,0
75,"2,600","371,340",46,1,15,13,95.00,15.40,6.69,7.94,0
75,"2,600","371,388",30,2,6,5,32.00,1.50,0.19,0.29,0
75,"2,600","371,395",52,1,30,13,125.00,15.70,8.32,11.30,0
75,"2,600","371,420",33,2,3,3,36.00,18.00,2.18,4.30,0
75,"2,600","371,423",36,4,10,7,51.00,13.20,3.45,3.28,0
75,"2,600","371,426",71,2,13,10,59.00,24.40,2.66,11.73,0
75,"2,600","371,473",40,4,12,10,87.00,5.80,0.54,4.50,0
75,"2,600","371,580",32,4,5,5,87.00,10.40,0.46,8.59,0
75,"2,600","371,656",32,2,12,7,75.00,7.10,1.55,3.78,0
75,"2,600","371,660",25,3,1,3,16.00,4.50,0.39,0.33,0
75,"2,600","371,716",36,4,8,6,100.00,19.90,11.56,8.34,1
75,"2,600","371,741",22,2,0,1,18.00,3.50,0.33,0.30,0
75,"2,600","371,761",35,2,9,9,43.00,14.90,2.52,3.89,0
75,"2,600","371,783",26,3,4,1,23.00,8.20,0.35,1.54,0
75,"2,600","371,803",51,1,23,10,47.00,2.20,0.34,0.69,0
75,"2,600","371,809",20,3,0,1,31.00,18.30,1.95,3.72,1
75,"2,600","371,811",39,2,7,10,56.00,10.90,4.07,2.03,1
75,"2,600","371,824",33,2,6,8,41.00,2.10,0.02,0.84,0
75,"2,600","371,907",25,2,6,0,18.00,16.30,1.86,1.07,1
75,"2,600","371,910",43,3,8,9,49.00,6.00,0.87,2.07,0
75,"2,600","371,939",33,5,0,5,46.00,15.70,0.75,6.47,0
75,"2,600","371,987",36,4,8,8,58.00,17.20,1.28,8.70,0
75,"2,600","371,988",33,4,5,7,35.00,5.20,0.58,1.24,0
75,"2,600","372,012",25,2,5,2,18.00,12.60,0.11,2.15,1
75,"2,600","372,041",40,3,5,9,34.00,23.30,1.53,6.39,0
75,"2,600","372,048",41,2,14,9,76.00,18.00,9.18,4.50,1
75,"2,600","372,086",28,1,4,4,20.00,13.60,0.53,2.19,0
75,"2,600","372,090",19,2,0,0,20.00,1.20,0.03,0.21,0
75,"2,600","372,091",25,2,7,3,27.00,7.60,0.23,1.82,0
75,"2,600","372,120",46,1,6,5,37.00,31.60,2.34,9.35,1
75,"2,600","372,126",43,3,13,7,71.00,4.20,1.41,1.57,0
75,"2,600","372,138",57,1,25,22,61.00,1.60,0.18,0.80,0
75,"2,600","372,174",70,1,6,22,22.00,19.90,0.50,3.88,0
75,"2,600","372,193",32,2,7,2,40.00,6.20,0.51,1.97,0
75,"2,600","372,218",18,2,0,0,22.00,3.40,0.37,0.38,1
75,"2,600","372,221",23,3,1,1,42.00,1.30,0.17,0.38,0
75,"2,600","372,227",36,2,4,9,57.00,4.20,0.69,1.70,1
75,"2,600","372,245",20,3,0,0,27.00,5.10,0.53,0.85,0
75,"2,600","372,258",29,5,2,3,25.00,12.00,1.13,1.87,1
75,"2,600","372,266",22,2,0,1,30.00,11.50,1.69,1.76,1
75,"2,600","372,285",41,4,6,7,87.00,3.70,1.02,2.20,0
75,"2,600","372,317",26,2,4,3,22.00,6.70,0.03,1.44,0
75,"2,600","372,406",40,1,3,11,21.00,5.30,0.09,1.02,0
75,"2,600","372,407",46,3,12,12,111.00,5.80,1.09,5.34,0
75,"2,600","372,420",42,3,19,2,24.00,15.10,2.00,1.62,0
75,"2,600","372,447",20,3,0,0,21.00,15.10,1.26,1.91,1
75,"2,600","372,450",22,4,0,1,51.00,8.70,1.07,3.37,1
75,"2,600","372,485",20,3,0,0,13.00,1.10,0.05,0.09,0
75,"2,600","372,496",24,4,1,2,36.00,13.00,1.00,3.68,1
75,"2,600","372,514",72,2,48,30,233.00,28.80,18.25,48.85,0
75,"2,600","372,545",51,2,9,19,82.00,14.60,1.50,10.48,0
75,"2,600","372,551",57,5,31,23,"1,079.00",1.40,1.96,13.14,0
75,"2,600","372,571",33,3,3,9,26.00,12.80,0.92,2.41,0
76,"3,572","375,011",48,5,2,6,52.00,13.10,1.52,5.29,0
76,"3,572","375,014",40,1,2,6,30.00,3.00,0.05,0.85,0
76,"3,572","375,038",26,1,2,2,23.00,2.50,0.03,0.54,0
76,"3,572","375,102",30,1,0,6,25.00,5.70,0.48,0.94,0
76,"3,572","375,106",39,2,0,4,36.00,7.50,0.87,1.83,1
76,"3,572","375,141",44,3,6,12,39.00,8.90,1.82,1.65,1
76,"3,572","375,217",40,3,15,12,129.00,11.90,4.82,10.53,0
76,"3,572","375,267",60,2,2,18,29.00,3.30,0.54,0.42,0
76,"3,572","375,293",47,2,8,13,49.00,18.40,1.58,7.44,0
76,"3,572","375,313",41,4,15,12,127.00,18.20,18.12,4.99,0
76,"3,572","375,331",22,1,4,0,27.00,4.10,0.33,0.77,0
76,"3,572","375,333",42,1,8,10,65.00,14.60,2.70,6.79,0
76,"3,572","375,404",42,2,20,16,117.00,23.30,12.73,14.53,1
76,"3,572","375,460",19,2,0,0,28.00,2.80,0.24,0.54,1
76,"3,572","375,511",59,3,11,21,55.00,10.00,1.40,4.10,0
76,"3,572","375,532",23,2,2,2,25.00,10.60,0.50,2.15,1
76,"3,572","375,716",64,2,24,18,83.00,8.40,0.17,6.80,0
76,"3,572","375,727",25,4,0,3,42.00,14.30,0.76,5.24,1
76,"3,572","375,732",31,2,10,5,41.00,17.90,0.36,6.98,0
76,"3,572","375,758",32,2,1,6,129.00,19.90,11.91,13.76,1
76,"3,572","375,861",19,2,0,0,35.00,9.30,0.94,2.32,0
76,"3,572","375,890",42,4,12,5,15.00,14.40,0.66,1.50,0
76,"3,572","375,893",19,1,0,0,20.00,11.70,1.17,1.17,1
76,"3,572","375,902",38,2,18,5,55.00,16.10,2.34,6.52,0
76,"3,572","376,001",28,1,7,5,32.00,9.20,0.95,2.00,0
76,"3,572","376,006",24,2,1,2,19.00,16.30,0.19,2.91,1
76,"3,572","376,023",38,3,9,9,66.00,5.50,0.57,3.06,1
76,"3,572","376,027",54,1,22,16,49.00,5.20,0.76,1.79,0
76,"3,572","376,070",20,3,0,0,29.00,11.70,1.25,2.14,1
76,"3,572","376,129",51,3,10,18,57.00,19.50,3.58,7.54,0
76,"3,572","376,169",30,2,0,5,26.00,3.60,0.48,0.46,1
76,"3,572","376,185",26,2,2,2,36.00,9.40,0.77,2.61,0
76,"3,572","376,190",25,1,0,1,19.00,8.00,0.85,0.67,0
76,"3,572","376,202",29,2,5,4,26.00,5.30,0.63,0.75,1
76,"3,572","376,210",50,1,27,12,85.00,11.80,3.44,6.59,0
76,"3,572","376,241",50,5,22,13,71.00,4.90,1.31,2.17,0
76,"3,572","376,263",39,3,7,5,39.00,12.20,0.71,4.04,0
76,"3,572","376,363",29,3,3,4,74.00,3.60,0.58,2.08,0
76,"3,572","376,395",32,5,0,5,22.00,14.80,0.21,3.05,0
76,"3,572","376,403",26,2,1,3,24.00,13.40,1.48,1.74,0
76,"3,572","376,405",29,2,10,6,50.00,9.80,2.91,1.99,0
76,"3,572","376,416",25,3,3,2,43.00,15.60,3.68,3.03,1
76,"3,572","376,418",33,2,3,7,29.00,5.40,0.37,1.19,0
76,"3,572","376,430",20,3,0,0,25.00,5.00,0.13,1.12,1
76,"3,572","376,443",24,3,0,1,23.00,7.40,0.24,1.46,0
76,"3,572","376,451",21,1,2,1,25.00,9.80,0.42,2.03,1
76,"3,572","376,456",42,3,16,8,71.00,3.30,0.76,1.59,0
76,"3,572","376,565",20,2,1,0,37.00,7.10,0.97,1.66,0
76,"3,572","376,619",40,1,2,14,31.00,2.40,0.22,0.52,1
76,"3,572","376,642",36,2,10,3,77.00,11.30,1.50,7.20,1
76,"3,572","376,657",18,2,0,0,18.00,2.30,0.09,0.33,0
76,"3,572","376,681",69,1,4,32,25.00,7.10,0.48,1.30,0
76,"3,572","376,724",27,4,2,1,31.00,3.90,0.56,0.65,0
76,"3,572","376,777",53,3,31,18,120.00,9.00,1.70,9.10,0
76,"3,572","376,801",23,4,0,2,19.00,1.40,0.18,0.09,0
76,"3,572","376,870",32,2,0,7,22.00,22.50,0.58,4.37,1
76,"3,572","376,955",26,4,1,4,38.00,13.30,0.31,4.74,0
76,"3,572","376,960",29,3,7,3,21.00,5.90,0.80,0.44,0
76,"3,572","377,041",28,1,4,4,25.00,6.50,0.21,1.41,0
76,"3,572","377,052",61,2,29,24,142.00,7.70,3.08,7.85,0
76,"3,572","377,198",53,2,4,20,35.00,1.50,0.08,0.45,0
76,"3,572","377,201",36,5,9,6,108.00,6.50,3.62,3.40,0
76,"3,572","377,300",68,2,11,15,84.00,6.10,1.36,3.77,0
76,"3,572","377,307",38,1,17,7,41.00,16.90,3.99,2.94,0
76,"3,572","377,319",48,3,15,11,133.00,4.10,1.95,3.50,0
76,"3,572","377,324",77,2,30,33,80.00,3.90,0.80,2.32,0
76,"3,572","377,348",35,1,18,4,63.00,1.60,0.42,0.58,0
76,"3,572","377,476",25,4,0,3,68.00,4.50,1.13,1.93,1
76,"3,572","377,479",29,1,11,2,39.00,3.20,0.57,0.68,0
76,"3,572","377,481",20,2,0,0,24.00,1.10,0.08,0.19,1
76,"3,572","377,499",21,3,0,1,17.00,7.80,0.21,1.11,0
76,"3,572","377,510",18,2,0,0,19.00,7.00,0.28,1.05,1
76,"3,572","377,525",23,1,6,3,29.00,12.90,0.59,3.15,0
76,"3,572","377,533",25,1,5,3,29.00,2.70,0.16,0.62,0
76,"3,572","377,604",42,4,14,6,55.00,9.10,1.49,3.51,0
76,"3,572","377,692",35,4,0,8,144.00,3.20,1.52,3.09,1
76,"3,572","377,707",35,5,2,9,41.00,10.50,0.49,3.81,1
76,"3,572","377,783",38,1,11,10,33.00,10.50,1.59,1.88,0
76,"3,572","377,794",56,1,30,10,144.00,8.10,6.40,5.26,0
76,"3,572","377,845",48,3,13,10,153.00,2.30,1.77,1.75,0
76,"3,572","377,846",28,3,6,5,30.00,20.50,1.29,4.86,0
76,"3,572","377,864",25,4,1,1,75.00,11.10,2.65,5.68,1
76,"3,572","377,901",43,1,6,10,54.00,2.30,0.72,0.52,0
76,"3,572","377,927",20,3,0,1,22.00,10.00,0.88,1.32,0
76,"3,572","377,983",34,4,2,5,55.00,12.70,4.78,2.21,1
76,"3,572","377,990",25,3,3,3,36.00,10.20,0.52,3.15,1
76,"3,572","377,997",34,2,13,6,50.00,16.60,6.76,1.54,0
76,"3,572","378,045",23,2,1,1,29.00,16.70,2.51,2.33,1
76,"3,572","378,074",27,3,1,3,47.00,4.30,0.90,1.12,0
76,"3,572","378,163",24,1,0,1,28.00,1.50,0.20,0.22,0
76,"3,572","378,173",20,3,0,1,17.00,10.50,0.30,1.49,0
76,"3,572","378,213",56,1,20,20,81.00,12.10,1.25,8.55,0
76,"3,572","378,246",37,4,9,7,72.00,24.70,2.10,15.69,1
76,"3,572","378,262",48,5,20,15,162.00,6.20,0.66,9.38,0
76,"3,572","378,264",28,2,2,2,24.00,3.70,0.34,0.55,1
76,"3,572","378,283",37,1,11,11,63.00,21.60,4.19,9.42,0
76,"3,572","378,329",34,3,3,4,47.00,7.00,1.32,1.97,0
76,"3,572","378,373",26,3,0,2,43.00,9.80,0.94,3.28,1
76,"3,572","378,442",28,5,0,3,33.00,7.80,0.83,1.74,0
76,"3,572","378,454",28,3,3,4,75.00,4.30,0.48,2.75,0
77,"2,251","380,007",22,4,0,0,27.00,6.00,0.61,1.01,1
77,"2,251","380,031",38,3,9,13,94.00,21.60,7.00,13.30,1
77,"2,251","380,045",20,2,0,1,19.00,5.90,0.07,1.05,1
77,"2,251","380,087",36,4,11,3,42.00,2.80,0.67,0.50,0
77,"2,251","380,110",26,4,1,4,89.00,2.30,0.93,1.12,1
77,"2,251","380,113",33,4,7,7,185.00,8.50,3.88,11.84,0
77,"2,251","380,131",25,2,2,3,24.00,6.80,1.01,0.63,0
77,"2,251","380,145",22,4,0,1,56.00,2.80,0.41,1.16,0
77,"2,251","380,151",25,2,2,3,26.00,10.30,0.86,1.82,0
77,"2,251","380,201",36,2,4,7,34.00,16.80,1.16,4.55,1
77,"2,251","380,223",30,5,2,6,21.00,10.40,1.16,1.03,1
77,"2,251","380,229",21,3,0,1,39.00,18.50,5.21,2.01,1
77,"2,251","380,247",33,2,8,7,35.00,7.30,0.61,1.94,0
77,"2,251","380,259",25,1,9,4,29.00,11.40,1.17,2.14,0
77,"2,251","380,300",70,4,30,22,493.00,9.90,22.94,25.87,1
77,"2,251","380,348",56,4,22,9,57.00,2.00,0.49,0.65,0
77,"2,251","380,355",33,1,3,5,34.00,2.90,0.19,0.80,1
77,"2,251","380,366",27,3,0,4,28.00,4.70,0.39,0.93,0
77,"2,251","380,433",18,2,0,0,15.00,1.10,0.03,0.13,0
77,"2,251","380,446",30,4,4,6,28.00,6.80,1.15,0.75,0
77,"2,251","380,455",43,4,18,14,89.00,3.60,0.49,2.71,0
77,"2,251","380,466",27,4,3,4,20.00,11.00,0.31,1.89,1
77,"2,251","380,494",32,3,3,7,79.00,6.10,1.40,3.42,1
77,"2,251","380,534",30,2,5,5,39.00,13.80,0.55,4.83,0
77,"2,251","380,538",36,2,16,8,50.00,3.50,0.75,1.00,0
77,"2,251","380,585",32,1,5,9,35.00,5.80,0.58,1.45,0
77,"2,251","380,588",52,3,17,12,125.00,0.50,0.40,0.22,0
77,"2,251","380,601",35,3,7,10,29.00,7.10,1.59,0.47,0
77,"2,251","380,607",34,3,12,6,46.00,5.70,0.83,1.79,0
77,"2,251","380,660",19,2,0,0,20.00,7.00,0.19,1.21,0
77,"2,251","380,677",26,2,1,3,48.00,11.20,0.16,5.21,1
77,"2,251","380,681",25,4,0,1,52.00,4.90,0.67,1.88,1
77,"2,251","380,772",75,1,32,23,78.00,4.40,0.69,2.74,0
77,"2,251","380,864",24,2,5,1,28.00,19.10,1.52,3.82,1
77,"2,251","380,873",43,2,3,9,53.00,9.80,1.51,3.69,1
77,"2,251","380,879",33,3,8,7,37.00,3.90,0.56,0.89,0
77,"2,251","380,900",61,3,20,17,38.00,3.20,0.35,0.87,0
77,"2,251","380,906",23,2,1,2,26.00,12.80,0.55,2.78,0
77,"2,251","380,923",32,4,6,2,31.00,14.20,1.36,3.04,0
77,"2,251","380,997",25,2,2,3,21.00,14.40,0.99,2.04,1
77,"2,251","381,027",42,5,2,9,147.00,17.70,5.05,20.97,1
77,"2,251","381,047",23,4,0,1,30.00,12.20,2.25,1.41,1
77,"2,251","381,056",25,3,1,3,27.00,12.70,0.03,3.39,1
77,"2,251","381,121",22,4,0,2,50.00,1.20,0.21,0.39,0
77,"2,251","381,164",19,2,0,0,16.00,6.60,0.00,1.05,0
77,"2,251","381,168",35,4,4,6,18.00,4.80,0.32,0.55,0
77,"2,251","381,175",58,2,9,13,51.00,4.40,0.64,1.60,0
77,"2,251","381,210",38,4,12,9,37.00,13.20,3.24,1.65,1
77,"2,251","381,252",43,3,16,6,102.00,2.50,0.58,1.97,0
77,"2,251","381,261",34,2,14,4,59.00,6.50,2.30,1.54,0
77,"2,251","381,274",28,2,7,3,88.00,10.60,2.21,7.12,0
77,"2,251","381,281",23,3,0,2,36.00,24.20,5.88,2.83,1
77,"2,251","381,288",30,1,6,4,20.00,8.40,0.91,0.77,1
77,"2,251","381,320",21,3,0,1,19.00,20.70,1.31,2.63,1
77,"2,251","381,329",37,4,0,9,50.00,1.30,0.21,0.44,0
77,"2,251","381,355",34,3,7,8,30.00,14.20,0.93,3.33,0
77,"2,251","381,365",29,2,4,3,48.00,10.80,2.96,2.22,0
77,"2,251","381,378",20,3,0,0,39.00,15.00,1.42,4.43,0
77,"2,251","381,393",61,1,26,13,78.00,5.00,0.20,3.70,0
77,"2,251","381,405",19,2,0,0,22.00,1.80,0.10,0.29,0
77,"2,251","381,421",71,1,7,19,26.00,7.60,0.37,1.61,0
77,"2,251","381,426",33,4,5,7,321.00,2.50,4.36,3.67,1
77,"2,251","381,434",22,4,0,1,59.00,3.10,0.62,1.21,0
77,"2,251","381,445",30,3,4,5,28.00,8.20,0.40,1.90,0
77,"2,251","381,449",22,4,0,1,32.00,3.80,0.71,0.50,0
77,"2,251","381,489",20,1,0,1,20.00,17.60,0.15,3.37,1
77,"2,251","381,535",19,2,0,0,19.00,3.30,0.10,0.52,1
77,"2,251","381,568",28,1,2,3,24.00,1.00,0.11,0.13,0
77,"2,251","381,583",18,2,0,0,14.00,5.50,0.46,0.31,0
77,"2,251","381,596",56,2,9,7,41.00,12.50,1.79,3.33,0
77,"2,251","381,632",32,3,6,7,50.00,9.80,3.09,1.81,0
77,"2,251","381,643",29,2,0,5,21.00,12.40,0.38,2.22,1
77,"2,251","381,669",46,1,0,9,25.00,3.00,0.43,0.32,0
77,"2,251","381,690",39,1,22,13,48.00,6.80,1.01,2.26,0
77,"2,251","381,763",28,4,4,3,30.00,13.80,0.68,3.46,0
77,"2,251","381,765",37,1,17,8,76.00,12.60,4.18,5.39,0
77,"2,251","381,780",39,4,4,13,47.00,9.70,1.67,2.89,1
77,"2,251","381,799",27,2,2,4,30.00,2.70,0.34,0.47,1
77,"2,251","381,851",25,2,4,3,21.00,10.00,1.00,1.10,0
77,"2,251","381,896",49,2,14,11,94.00,6.90,3.79,2.70,0
77,"2,251","381,918",24,2,5,1,60.00,11.20,0.23,6.49,0
77,"2,251","381,929",24,4,0,2,45.00,5.50,0.59,1.89,1
77,"2,251","381,933",30,4,6,5,58.00,8.60,2.38,2.60,0
77,"2,251","381,947",22,1,1,0,24.00,19.90,1.16,3.62,1
77,"2,251","381,959",47,1,17,11,47.00,18.90,3.77,5.12,0
77,"2,251","381,983",32,3,5,8,52.00,5.90,1.35,1.72,0
77,"2,251","382,000",41,2,17,9,68.00,9.60,3.06,3.47,0
77,"2,251","382,001",18,2,0,0,18.00,10.00,1.12,0.68,1
77,"2,251","382,011",37,1,11,5,34.00,13.60,2.98,1.65,0
77,"2,251","382,012",35,1,5,5,40.00,10.50,0.91,3.29,1
77,"2,251","382,038",36,5,3,9,69.00,8.30,1.45,4.27,0
77,"2,251","382,039",44,3,7,10,115.00,14.40,1.08,15.48,1
77,"2,251","382,073",19,2,0,0,25.00,9.30,1.17,1.15,1
77,"2,251","382,086",24,4,0,2,64.00,4.40,0.81,2.01,0
77,"2,251","382,127",18,2,0,0,22.00,10.50,0.30,2.01,1
77,"2,251","382,157",20,3,0,0,13.00,0.00,0.00,0.00,0
77,"2,251","382,168",38,4,4,8,61.00,2.70,0.91,0.73,0
77,"2,251","382,202",24,1,6,1,21.00,4.50,0.18,0.76,0
77,"2,251","382,229",61,2,33,26,126.00,12.40,8.47,7.16,0
77,"2,251","382,231",18,2,0,0,22.00,38.80,3.64,4.90,0
91,"3,779","450,002",51,5,22,14,75.00,7.70,2.05,3.72,0
91,"3,779","450,068",33,3,5,6,38.00,18.30,1.74,5.22,0
91,"3,779","450,181",34,3,0,7,49.00,5.00,0.18,2.27,0
91,"3,779","450,204",33,4,6,3,25.00,13.70,1.18,2.25,0
91,"3,779","450,251",27,4,1,3,32.00,15.40,2.15,2.77,1
91,"3,779","450,252",37,4,3,4,28.00,18.10,1.00,4.06,0
91,"3,779","450,310",34,1,12,6,59.00,9.20,2.00,3.43,0
91,"3,779","450,317",23,2,2,2,35.00,5.80,0.46,1.57,0
91,"3,779","450,383",29,3,5,6,37.00,4.30,0.53,1.06,0
91,"3,779","450,387",25,1,1,4,19.00,2.60,0.13,0.36,0
91,"3,779","450,400",21,1,4,1,44.00,6.40,0.99,1.83,1
91,"3,779","450,406",26,1,6,2,24.00,11.50,0.91,1.85,0
91,"3,779","450,446",37,2,4,2,32.00,3.20,0.14,0.88,0
91,"3,779","450,448",26,5,0,4,19.00,4.40,0.05,0.78,1
91,"3,779","450,450",35,3,11,8,59.00,1.40,0.13,0.70,0
91,"3,779","450,455",22,3,0,1,29.00,19.70,1.68,4.03,1
91,"3,779","450,465",30,2,4,2,26.00,9.30,0.27,2.15,0
91,"3,779","450,485",62,2,24,17,199.00,4.70,3.40,5.95,0
91,"3,779","450,501",43,1,17,10,104.00,14.20,3.57,11.19,0
91,"3,779","450,563",45,1,12,9,57.00,1.00,0.34,0.23,0
91,"3,779","450,580",21,3,0,1,23.00,6.80,0.69,0.87,1
91,"3,779","450,614",27,1,3,3,37.00,13.90,3.04,2.10,1
91,"3,779","450,772",73,2,2,16,39.00,19.40,2.12,5.45,1
91,"3,779","450,776",35,4,2,6,56.00,11.10,1.39,4.83,1
91,"3,779","450,846",38,1,14,8,37.00,4.40,0.39,1.23,0
91,"3,779","450,942",26,2,5,2,22.00,3.30,0.10,0.63,0
91,"3,779","451,028",29,4,4,6,58.00,18.20,1.62,8.94,1
91,"3,779","451,034",42,4,10,10,76.00,6.10,0.32,4.32,0
91,"3,779","451,036",37,2,3,8,38.00,12.30,1.37,3.30,0
91,"3,779","451,046",62,4,26,12,87.00,16.20,4.82,9.27,0
91,"3,779","451,050",23,1,1,2,19.00,7.20,0.71,0.66,0
91,"3,779","451,067",64,2,44,18,397.00,19.20,35.52,40.70,1
91,"3,779","451,118",45,4,16,5,219.00,1.00,0.96,1.23,0
91,"3,779","451,123",23,3,1,2,22.00,14.20,1.56,1.56,1
91,"3,779","451,156",19,2,0,0,20.00,8.10,0.36,1.26,0
91,"3,779","451,171",34,5,8,7,526.00,2.60,5.47,8.21,0
91,"3,779","451,181",20,3,0,0,58.00,2.80,0.46,1.17,0
91,"3,779","451,185",18,2,0,0,29.00,7.50,0.86,1.32,1
91,"3,779","451,218",37,2,2,7,38.00,2.10,0.07,0.73,0
91,"3,779","451,226",43,3,21,14,101.00,9.70,4.76,5.04,1
91,"3,779","451,251",42,1,8,12,43.00,1.30,0.15,0.41,0
91,"3,779","451,377",23,2,2,1,24.00,1.60,0.05,0.34,0
91,"3,779","451,400",19,2,0,0,22.00,6.80,0.41,1.08,1
91,"3,779","451,408",26,1,1,3,15.00,6.70,0.20,0.80,0
91,"3,779","451,409",40,3,4,14,54.00,4.60,1.19,1.29,0
91,"3,779","451,468",43,2,10,9,92.00,14.70,3.85,9.67,1
91,"3,779","451,517",28,4,3,5,35.00,5.20,0.78,1.04,0
91,"3,779","451,518",24,2,0,2,36.00,8.50,1.47,1.59,1
91,"3,779","451,525",22,2,1,1,14.00,11.70,0.37,1.27,1
91,"3,779","451,559",27,2,1,4,25.00,0.60,0.03,0.12,0
91,"3,779","451,783",33,3,11,4,61.00,14.90,4.24,4.84,1
91,"3,779","451,824",64,1,40,18,198.00,6.90,8.10,5.56,0
91,"3,779","451,852",63,4,22,27,129.00,4.90,0.80,5.52,0
91,"3,779","451,876",31,5,5,3,61.00,2.00,0.37,0.85,0
91,"3,779","451,894",21,3,0,1,26.00,6.90,0.18,1.61,1
91,"3,779","451,919",20,3,0,0,24.00,9.40,0.60,1.66,0
91,"3,779","452,007",20,3,0,0,18.00,5.30,0.30,0.65,0
91,"3,779","452,055",21,2,2,1,33.00,6.40,0.84,1.27,1
91,"3,779","452,063",23,2,1,0,30.00,21.50,1.63,4.82,1
91,"3,779","452,088",46,3,13,10,32.00,11.00,1.19,2.33,0
91,"3,779","452,116",29,4,1,4,50.00,12.10,0.47,5.58,0
91,"3,779","452,132",59,2,32,19,533.00,0.80,1.86,2.40,0
91,"3,779","452,141",21,1,1,1,23.00,16.50,1.17,2.62,1
91,"3,779","452,173",54,3,6,9,70.00,9.50,2.28,4.37,0
91,"3,779","452,225",18,2,0,0,37.00,2.50,0.57,0.36,1
91,"3,779","452,318",41,2,9,8,77.00,7.50,3.11,2.67,0
91,"3,779","452,333",19,2,0,0,36.00,5.80,0.78,1.31,1
91,"3,779","452,341",41,1,15,9,54.00,6.90,1.54,2.18,0
91,"3,779","452,389",30,4,6,5,51.00,6.20,1.07,2.09,0
91,"3,779","452,427",23,3,0,1,27.00,14.60,1.16,2.78,0
91,"3,779","452,433",37,3,0,9,35.00,10.80,1.27,2.51,0
91,"3,779","452,436",33,3,6,6,77.00,6.20,0.65,4.12,1
91,"3,779","452,445",34,5,5,10,186.00,11.30,7.46,13.56,1
91,"3,779","452,452",25,4,0,3,30.00,4.90,0.20,1.27,0
91,"3,779","452,558",21,1,4,1,19.00,6.50,0.29,0.94,0
91,"3,779","452,646",62,2,33,6,322.00,2.80,7.04,1.97,0
91,"3,779","452,735",52,2,6,9,55.00,2.90,0.93,0.66,0
91,"3,779","452,767",53,5,7,16,80.00,12.00,3.65,5.95,0
91,"3,779","452,770",36,5,7,9,124.00,1.40,0.38,1.35,0
91,"3,779","452,878",34,4,8,4,49.00,7.50,0.49,3.19,0
91,"3,779","452,912",29,3,6,3,28.00,4.90,0.57,0.80,1
91,"3,779","453,027",20,2,0,0,46.00,12.10,0.95,4.61,1
91,"3,779","453,082",20,3,0,0,13.00,17.80,0.81,1.50,0
91,"3,779","453,106",18,2,0,0,26.00,7.30,0.64,1.26,0
91,"3,779","453,108",20,3,0,0,21.00,9.30,0.35,1.60,1
91,"3,779","453,122",19,2,0,0,34.00,19.30,2.20,4.36,1
91,"3,779","453,134",30,2,1,3,39.00,1.00,0.14,0.25,0
91,"3,779","453,255",34,2,10,6,59.00,18.60,3.56,7.42,1
91,"3,779","453,374",41,1,15,12,55.00,12.20,4.13,2.58,0
91,"3,779","453,376",20,1,3,0,24.00,16.30,1.31,2.61,1
91,"3,779","453,379",30,3,8,2,28.00,15.80,1.53,2.90,0
91,"3,779","453,388",25,5,0,1,130.00,5.80,1.24,6.30,1
91,"3,779","453,405",18,2,0,0,23.00,10.00,1.12,1.18,0
91,"3,779","453,434",27,3,0,3,63.00,1.00,0.32,0.32,0
91,"3,779","453,461",31,2,3,6,24.00,12.90,0.74,2.36,1
91,"3,779","453,471",34,3,8,4,83.00,11.00,1.85,7.28,0
91,"3,779","453,578",37,2,10,8,43.00,3.60,0.81,0.74,0
91,"3,779","453,686",25,5,0,3,16.00,3.20,0.29,0.22,0
91,"3,779","453,698",34,1,10,8,41.00,14.50,1.19,4.75,0
91,"3,779","453,777",27,1,2,2,24.00,5.80,0.56,0.84,0
